2025-11-24 08:31:16,699 DEBUG [main] o.a.j.r.s.s.JenaIOEnvironment [JenaIOEnvironment.java:180] -%PARSER_ERROR[kvp]- Failed to find configuration: location-mapping.ttl;location-mapping.rdf;etc/location-mapping.rdf;etc/location-mapping.ttl
2025-11-24 08:31:17,058 DEBUG [main] f.s.r.s.a.InputModelReader [InputModelReader.java:66] -%PARSER_ERROR[kvp]- Reading input from : /tmp/enriched.ttl
2025-11-24 08:31:17,078 DEBUG [main] o.a.j.s.LockMRSW [LockMRSW.java:57] -%PARSER_ERROR[kvp]- Lock : main
2025-11-24 08:31:17,079 DEBUG [main] o.a.j.s.LockMRSW [LockMRSW.java:57] -%PARSER_ERROR[kvp]- Lock : main
2025-11-24 08:31:21,149 DEBUG [main] f.s.r.s.d.r.EnrichDocumentationWithStatisticsVisitor [EnrichDocumentationWithStatisticsVisitor.java:47] -%PARSER_ERROR[kvp]- Cannot find corresponding class partition for http://schema.org/Organization
2025-11-24 08:31:21,151 DEBUG [main] f.s.r.s.d.r.EnrichDocumentationWithStatisticsVisitor [EnrichDocumentationWithStatisticsVisitor.java:76] -%PARSER_ERROR[kvp]- Cannot find corresponding property partition for http://w3id.org/nfdi4ing/metadata4ing#hasRorIdShape
2025-11-24 08:31:21,151 DEBUG [main] f.s.r.s.d.r.EnrichDocumentationWithStatisticsVisitor [EnrichDocumentationWithStatisticsVisitor.java:76] -%PARSER_ERROR[kvp]- Cannot find corresponding property partition for http://schema.org/Organization-legalName
2025-11-24 08:31:21,152 DEBUG [main] f.s.r.s.d.r.EnrichDocumentationWithStatisticsVisitor [EnrichDocumentationWithStatisticsVisitor.java:47] -%PARSER_ERROR[kvp]- Cannot find corresponding class partition for http://schema.org/Person
2025-11-24 08:31:21,152 DEBUG [main] f.s.r.s.d.r.EnrichDocumentationWithStatisticsVisitor [EnrichDocumentationWithStatisticsVisitor.java:76] -%PARSER_ERROR[kvp]- Cannot find corresponding property partition for https://open-pulse.epfl.ch/ontology#usernameShape
2025-11-24 08:31:21,152 DEBUG [main] f.s.r.s.d.r.EnrichDocumentationWithStatisticsVisitor [EnrichDocumentationWithStatisticsVisitor.java:76] -%PARSER_ERROR[kvp]- Cannot find corresponding property partition for http://schema.org/Thing-affiliation
2025-11-24 08:31:21,152 DEBUG [main] f.s.r.s.d.r.EnrichDocumentationWithStatisticsVisitor [EnrichDocumentationWithStatisticsVisitor.java:76] -%PARSER_ERROR[kvp]- Cannot find corresponding property partition for http://schema.org/Thing-name
2025-11-24 08:31:21,153 DEBUG [main] f.s.r.s.d.r.EnrichDocumentationWithStatisticsVisitor [EnrichDocumentationWithStatisticsVisitor.java:76] -%PARSER_ERROR[kvp]- Cannot find corresponding property partition for http://w3id.org/nfdi4ing/metadata4ing#orcidIdShape
2025-11-24 08:31:21,153 DEBUG [main] f.s.r.s.d.r.EnrichDocumentationWithStatisticsVisitor [EnrichDocumentationWithStatisticsVisitor.java:47] -%PARSER_ERROR[kvp]- Cannot find corresponding class partition for https://open-pulse.epfl.ch/ontology#AcademicCatalogRelation
2025-11-24 08:31:21,153 DEBUG [main] f.s.r.s.d.r.EnrichDocumentationWithStatisticsVisitor [EnrichDocumentationWithStatisticsVisitor.java:76] -%PARSER_ERROR[kvp]- Cannot find corresponding property partition for https://open-pulse.epfl.ch/ontology#catalogTypeShape
2025-11-24 08:31:21,153 DEBUG [main] f.s.r.s.d.r.EnrichDocumentationWithStatisticsVisitor [EnrichDocumentationWithStatisticsVisitor.java:76] -%PARSER_ERROR[kvp]- Cannot find corresponding property partition for https://open-pulse.epfl.ch/ontology#entityTypeShape
2025-11-24 08:31:21,154 DEBUG [main] f.s.r.s.d.r.EnrichDocumentationWithStatisticsVisitor [EnrichDocumentationWithStatisticsVisitor.java:76] -%PARSER_ERROR[kvp]- Cannot find corresponding property partition for https://open-pulse.epfl.ch/ontology#externalIdShape
2025-11-24 08:31:21,154 DEBUG [main] f.s.r.s.d.r.EnrichDocumentationWithStatisticsVisitor [EnrichDocumentationWithStatisticsVisitor.java:76] -%PARSER_ERROR[kvp]- Cannot find corresponding property partition for https://open-pulse.epfl.ch/ontology#hasCatalogEntityShape
2025-11-24 08:31:21,154 DEBUG [main] f.s.r.s.d.r.EnrichDocumentationWithStatisticsVisitor [EnrichDocumentationWithStatisticsVisitor.java:76] -%PARSER_ERROR[kvp]- Cannot find corresponding property partition for https://open-pulse.epfl.ch/ontology#confidenceShape
2025-11-24 08:31:21,154 DEBUG [main] f.s.r.s.d.r.EnrichDocumentationWithStatisticsVisitor [EnrichDocumentationWithStatisticsVisitor.java:76] -%PARSER_ERROR[kvp]- Cannot find corresponding property partition for https://open-pulse.epfl.ch/ontology#justificationShape
2025-11-24 08:31:21,155 DEBUG [main] f.s.r.s.d.r.EnrichDocumentationWithStatisticsVisitor [EnrichDocumentationWithStatisticsVisitor.java:76] -%PARSER_ERROR[kvp]- Cannot find corresponding property partition for https://open-pulse.epfl.ch/ontology#matchedOnShape
2025-11-24 08:31:21,155 DEBUG [main] f.s.r.s.d.r.EnrichDocumentationWithStatisticsVisitor [EnrichDocumentationWithStatisticsVisitor.java:47] -%PARSER_ERROR[kvp]- Cannot find corresponding class partition for https://open-pulse.epfl.ch/ontology#CatalogEntity
2025-11-24 08:31:21,155 DEBUG [main] f.s.r.s.d.r.EnrichDocumentationWithStatisticsVisitor [EnrichDocumentationWithStatisticsVisitor.java:76] -%PARSER_ERROR[kvp]- Cannot find corresponding property partition for https://open-pulse.epfl.ch/ontology#uuidShape
2025-11-24 08:31:21,155 DEBUG [main] f.s.r.s.d.r.EnrichDocumentationWithStatisticsVisitor [EnrichDocumentationWithStatisticsVisitor.java:76] -%PARSER_ERROR[kvp]- Cannot find corresponding property partition for https://open-pulse.epfl.ch/ontology#emailShape
2025-11-24 08:31:21,155 DEBUG [main] f.s.r.s.d.r.EnrichDocumentationWithStatisticsVisitor [EnrichDocumentationWithStatisticsVisitor.java:76] -%PARSER_ERROR[kvp]- Cannot find corresponding property partition for http://schema.org/Thing-affiliation
2025-11-24 08:31:21,156 DEBUG [main] f.s.r.s.d.r.EnrichDocumentationWithStatisticsVisitor [EnrichDocumentationWithStatisticsVisitor.java:76] -%PARSER_ERROR[kvp]- Cannot find corresponding property partition for http://schema.org/Thing-name
2025-11-24 08:31:21,156 DEBUG [main] f.s.r.s.d.r.EnrichDocumentationWithStatisticsVisitor [EnrichDocumentationWithStatisticsVisitor.java:76] -%PARSER_ERROR[kvp]- Cannot find corresponding property partition for http://w3id.org/nfdi4ing/metadata4ing#orcidIdShape
2025-11-24 08:31:21,157 DEBUG [main] f.s.r.s.d.r.EnrichDocumentationWithStatisticsVisitor [EnrichDocumentationWithStatisticsVisitor.java:76] -%PARSER_ERROR[kvp]- Cannot find corresponding property partition for https://open-pulse.epfl.ch/ontology#profileUrlShape
2025-11-24 08:31:21,157 DEBUG [main] f.s.r.s.d.r.EnrichDocumentationWithStatisticsVisitor [EnrichDocumentationWithStatisticsVisitor.java:47] -%PARSER_ERROR[kvp]- Cannot find corresponding class partition for https://open-pulse.epfl.ch/ontology#DisciplineEnumeration
2025-11-24 08:31:21,157 DEBUG [main] f.s.r.s.d.r.EnrichDocumentationWithStatisticsVisitor [EnrichDocumentationWithStatisticsVisitor.java:47] -%PARSER_ERROR[kvp]- Cannot find corresponding class partition for http://schema.org/ScholarlyArticle
2025-11-24 08:31:21,157 DEBUG [main] f.s.r.s.d.r.EnrichDocumentationWithStatisticsVisitor [EnrichDocumentationWithStatisticsVisitor.java:76] -%PARSER_ERROR[kvp]- Cannot find corresponding property partition for http://schema.org/Thing-identifier
2025-11-24 08:31:21,158 DEBUG [main] f.s.r.s.d.r.EnrichDocumentationWithStatisticsVisitor [EnrichDocumentationWithStatisticsVisitor.java:76] -%PARSER_ERROR[kvp]- Cannot find corresponding property partition for http://schema.org/Thing-description
2025-11-24 08:31:21,158 DEBUG [main] f.s.r.s.d.r.EnrichDocumentationWithStatisticsVisitor [EnrichDocumentationWithStatisticsVisitor.java:76] -%PARSER_ERROR[kvp]- Cannot find corresponding property partition for http://schema.org/CreativeWork-dateCreated
2025-11-24 08:31:21,158 DEBUG [main] f.s.r.s.d.r.EnrichDocumentationWithStatisticsVisitor [EnrichDocumentationWithStatisticsVisitor.java:76] -%PARSER_ERROR[kvp]- Cannot find corresponding property partition for http://schema.org/Thing-name
2025-11-24 08:31:21,158 DEBUG [main] f.s.r.s.d.r.EnrichDocumentationWithStatisticsVisitor [EnrichDocumentationWithStatisticsVisitor.java:76] -%PARSER_ERROR[kvp]- Cannot find corresponding property partition for http://schema.org/CreativeWork-datePublished
2025-11-24 08:31:21,159 DEBUG [main] f.s.r.s.d.r.EnrichDocumentationWithStatisticsVisitor [EnrichDocumentationWithStatisticsVisitor.java:76] -%PARSER_ERROR[kvp]- Cannot find corresponding property partition for http://schema.org/CreativeWork-author
2025-11-24 08:31:21,159 DEBUG [main] f.s.r.s.d.r.EnrichDocumentationWithStatisticsVisitor [EnrichDocumentationWithStatisticsVisitor.java:76] -%PARSER_ERROR[kvp]- Cannot find corresponding property partition for http://schema.org/Thing-url
2025-11-24 08:31:21,159 DEBUG [main] f.s.r.s.d.r.EnrichDocumentationWithStatisticsVisitor [EnrichDocumentationWithStatisticsVisitor.java:47] -%PARSER_ERROR[kvp]- Cannot find corresponding class partition for http://schema.org/Dataset
2025-11-24 08:31:21,160 DEBUG [main] f.s.r.s.d.r.EnrichDocumentationWithStatisticsVisitor [EnrichDocumentationWithStatisticsVisitor.java:76] -%PARSER_ERROR[kvp]- Cannot find corresponding property partition for http://schema.org/Thing-description
2025-11-24 08:31:21,160 DEBUG [main] f.s.r.s.d.r.EnrichDocumentationWithStatisticsVisitor [EnrichDocumentationWithStatisticsVisitor.java:76] -%PARSER_ERROR[kvp]- Cannot find corresponding property partition for http://schema.org/Thing-name
2025-11-24 08:31:21,160 DEBUG [main] f.s.r.s.d.r.EnrichDocumentationWithStatisticsVisitor [EnrichDocumentationWithStatisticsVisitor.java:76] -%PARSER_ERROR[kvp]- Cannot find corresponding property partition for http://schema.org/Thing-url
2025-11-24 08:31:21,160 DEBUG [main] f.s.r.s.d.r.EnrichDocumentationWithStatisticsVisitor [EnrichDocumentationWithStatisticsVisitor.java:47] -%PARSER_ERROR[kvp]- Cannot find corresponding class partition for http://schema.org/SoftwareSourceCode
2025-11-24 08:31:21,161 DEBUG [main] f.s.r.s.d.r.EnrichDocumentationWithStatisticsVisitor [EnrichDocumentationWithStatisticsVisitor.java:76] -%PARSER_ERROR[kvp]- Cannot find corresponding property partition for https://open-pulse.epfl.ch/ontology#repositoryTypeShape
2025-11-24 08:31:21,161 DEBUG [main] f.s.r.s.d.r.EnrichDocumentationWithStatisticsVisitor [EnrichDocumentationWithStatisticsVisitor.java:76] -%PARSER_ERROR[kvp]- Cannot find corresponding property partition for http://schema.org/CreativeWork-citation
2025-11-24 08:31:21,161 DEBUG [main] f.s.r.s.d.r.EnrichDocumentationWithStatisticsVisitor [EnrichDocumentationWithStatisticsVisitor.java:76] -%PARSER_ERROR[kvp]- Cannot find corresponding property partition for http://schema.org/CreativeWork-license
2025-11-24 08:31:21,161 DEBUG [main] f.s.r.s.d.r.EnrichDocumentationWithStatisticsVisitor [EnrichDocumentationWithStatisticsVisitor.java:76] -%PARSER_ERROR[kvp]- Cannot find corresponding property partition for https://open-pulse.epfl.ch/ontology#commitsShape
2025-11-24 08:31:21,161 DEBUG [main] f.s.r.s.d.r.EnrichDocumentationWithStatisticsVisitor [EnrichDocumentationWithStatisticsVisitor.java:76] -%PARSER_ERROR[kvp]- Cannot find corresponding property partition for https://open-pulse.epfl.ch/ontology#gitAuthorsShape
2025-11-24 08:31:21,162 DEBUG [main] f.s.r.s.d.r.EnrichDocumentationWithStatisticsVisitor [EnrichDocumentationWithStatisticsVisitor.java:76] -%PARSER_ERROR[kvp]- Cannot find corresponding property partition for https://open-pulse.epfl.ch/ontology#lastCommitDateShape
2025-11-24 08:31:21,162 DEBUG [main] f.s.r.s.d.r.EnrichDocumentationWithStatisticsVisitor [EnrichDocumentationWithStatisticsVisitor.java:76] -%PARSER_ERROR[kvp]- Cannot find corresponding property partition for https://open-pulse.epfl.ch/ontology#relatedModelsShape
2025-11-24 08:31:21,162 DEBUG [main] f.s.r.s.d.r.EnrichDocumentationWithStatisticsVisitor [EnrichDocumentationWithStatisticsVisitor.java:76] -%PARSER_ERROR[kvp]- Cannot find corresponding property partition for http://schema.org/Thing-url
2025-11-24 08:31:21,162 DEBUG [main] f.s.r.s.d.r.EnrichDocumentationWithStatisticsVisitor [EnrichDocumentationWithStatisticsVisitor.java:76] -%PARSER_ERROR[kvp]- Cannot find corresponding property partition for http://schema.org/Thing-identifier
2025-11-24 08:31:21,163 DEBUG [main] f.s.r.s.d.r.EnrichDocumentationWithStatisticsVisitor [EnrichDocumentationWithStatisticsVisitor.java:76] -%PARSER_ERROR[kvp]- Cannot find corresponding property partition for https://open-pulse.epfl.ch/ontology#disciplineShape
2025-11-24 08:31:21,163 DEBUG [main] f.s.r.s.d.r.EnrichDocumentationWithStatisticsVisitor [EnrichDocumentationWithStatisticsVisitor.java:76] -%PARSER_ERROR[kvp]- Cannot find corresponding property partition for https://open-pulse.epfl.ch/ontology#linkedEntitiesShape
2025-11-24 08:31:21,163 DEBUG [main] f.s.r.s.d.r.EnrichDocumentationWithStatisticsVisitor [EnrichDocumentationWithStatisticsVisitor.java:76] -%PARSER_ERROR[kvp]- Cannot find corresponding property partition for https://w3id.org/okn/o/sd#SoftwareApplication-readme
2025-11-24 08:31:21,164 DEBUG [main] f.s.r.s.d.r.EnrichDocumentationWithStatisticsVisitor [EnrichDocumentationWithStatisticsVisitor.java:76] -%PARSER_ERROR[kvp]- Cannot find corresponding property partition for http://schema.org/CreativeWork-datePublished
2025-11-24 08:31:21,164 DEBUG [main] f.s.r.s.d.r.EnrichDocumentationWithStatisticsVisitor [EnrichDocumentationWithStatisticsVisitor.java:76] -%PARSER_ERROR[kvp]- Cannot find corresponding property partition for https://open-pulse.epfl.ch/ontology#firstCommitDateShape
2025-11-24 08:31:21,164 DEBUG [main] f.s.r.s.d.r.EnrichDocumentationWithStatisticsVisitor [EnrichDocumentationWithStatisticsVisitor.java:76] -%PARSER_ERROR[kvp]- Cannot find corresponding property partition for https://open-pulse.epfl.ch/ontology#relatedAPIsShape
2025-11-24 08:31:21,164 DEBUG [main] f.s.r.s.d.r.EnrichDocumentationWithStatisticsVisitor [EnrichDocumentationWithStatisticsVisitor.java:76] -%PARSER_ERROR[kvp]- Cannot find corresponding property partition for http://schema.org/CreativeWork-dateCreated
2025-11-24 08:31:21,165 DEBUG [main] f.s.r.s.d.r.EnrichDocumentationWithStatisticsVisitor [EnrichDocumentationWithStatisticsVisitor.java:76] -%PARSER_ERROR[kvp]- Cannot find corresponding property partition for http://schema.org/SoftwareSourceCode-codeRepository
2025-11-24 08:31:21,165 DEBUG [main] f.s.r.s.d.r.EnrichDocumentationWithStatisticsVisitor [EnrichDocumentationWithStatisticsVisitor.java:76] -%PARSER_ERROR[kvp]- Cannot find corresponding property partition for https://open-pulse.epfl.ch/ontology#sourceShape
2025-11-24 08:31:21,165 DEBUG [main] f.s.r.s.d.r.EnrichDocumentationWithStatisticsVisitor [EnrichDocumentationWithStatisticsVisitor.java:76] -%PARSER_ERROR[kvp]- Cannot find corresponding property partition for https://open-pulse.epfl.ch/ontology#relatedToEPFLShape
2025-11-24 08:31:21,165 DEBUG [main] f.s.r.s.d.r.EnrichDocumentationWithStatisticsVisitor [EnrichDocumentationWithStatisticsVisitor.java:76] -%PARSER_ERROR[kvp]- Cannot find corresponding property partition for https://open-pulse.epfl.ch/ontology#relatedToOrganizationShape
2025-11-24 08:31:21,165 DEBUG [main] f.s.r.s.d.r.EnrichDocumentationWithStatisticsVisitor [EnrichDocumentationWithStatisticsVisitor.java:76] -%PARSER_ERROR[kvp]- Cannot find corresponding property partition for http://schema.org/CreativeWork-author
2025-11-24 08:31:21,166 DEBUG [main] f.s.r.s.d.r.EnrichDocumentationWithStatisticsVisitor [EnrichDocumentationWithStatisticsVisitor.java:76] -%PARSER_ERROR[kvp]- Cannot find corresponding property partition for http://schema.org/SoftwareSourceCode-programmingLanguage
2025-11-24 08:31:21,166 DEBUG [main] f.s.r.s.d.r.EnrichDocumentationWithStatisticsVisitor [EnrichDocumentationWithStatisticsVisitor.java:76] -%PARSER_ERROR[kvp]- Cannot find corresponding property partition for https://open-pulse.epfl.ch/ontology#relatedPublicationsShape
2025-11-24 08:31:21,167 DEBUG [main] f.s.r.s.d.r.EnrichDocumentationWithStatisticsVisitor [EnrichDocumentationWithStatisticsVisitor.java:76] -%PARSER_ERROR[kvp]- Cannot find corresponding property partition for http://schema.org/Thing-description
2025-11-24 08:31:21,167 DEBUG [main] f.s.r.s.d.r.EnrichDocumentationWithStatisticsVisitor [EnrichDocumentationWithStatisticsVisitor.java:76] -%PARSER_ERROR[kvp]- Cannot find corresponding property partition for https://open-pulse.epfl.ch/ontology#relatedDatasetsShape
2025-11-24 08:31:21,167 DEBUG [main] f.s.r.s.d.r.EnrichDocumentationWithStatisticsVisitor [EnrichDocumentationWithStatisticsVisitor.java:76] -%PARSER_ERROR[kvp]- Cannot find corresponding property partition for https://open-pulse.epfl.ch/ontology#metadataShape
2025-11-24 08:31:21,167 DEBUG [main] f.s.r.s.d.r.EnrichDocumentationWithStatisticsVisitor [EnrichDocumentationWithStatisticsVisitor.java:76] -%PARSER_ERROR[kvp]- Cannot find corresponding property partition for https://open-pulse.epfl.ch/ontology#totalCommitsShape
2025-11-24 08:31:21,168 DEBUG [main] f.s.r.s.d.r.EnrichDocumentationWithStatisticsVisitor [EnrichDocumentationWithStatisticsVisitor.java:76] -%PARSER_ERROR[kvp]- Cannot find corresponding property partition for http://schema.org/Thing-name
2025-11-24 08:31:21,168 DEBUG [main] f.s.r.s.d.r.EnrichDocumentationWithStatisticsVisitor [EnrichDocumentationWithStatisticsVisitor.java:76] -%PARSER_ERROR[kvp]- Cannot find corresponding property partition for https://open-pulse.epfl.ch/ontology#hasAcademicCatalogRelationShape
2025-11-24 08:31:21,168 DEBUG [main] f.s.r.s.d.r.EnrichDocumentationWithStatisticsVisitor [EnrichDocumentationWithStatisticsVisitor.java:47] -%PARSER_ERROR[kvp]- Cannot find corresponding class partition for https://open-pulse.epfl.ch/ontology#RepositoryTypeEnumeration
2025-11-24 08:31:21,168 DEBUG [main] f.s.r.s.d.r.EnrichDocumentationWithStatisticsVisitor [EnrichDocumentationWithStatisticsVisitor.java:47] -%PARSER_ERROR[kvp]- Cannot find corresponding class partition for http://schema.org/GitHubOrganization
2025-11-24 08:31:21,169 DEBUG [main] f.s.r.s.d.r.EnrichDocumentationWithStatisticsVisitor [EnrichDocumentationWithStatisticsVisitor.java:76] -%PARSER_ERROR[kvp]- Cannot find corresponding property partition for https://open-pulse.epfl.ch/ontology#usernameShape
2025-11-24 08:31:21,169 DEBUG [main] f.s.r.s.d.r.EnrichDocumentationWithStatisticsVisitor [EnrichDocumentationWithStatisticsVisitor.java:76] -%PARSER_ERROR[kvp]- Cannot find corresponding property partition for https://open-pulse.epfl.ch/ontology#hasRepositoryShape
2025-11-24 08:31:21,169 DEBUG [main] f.s.r.s.d.r.EnrichDocumentationWithStatisticsVisitor [EnrichDocumentationWithStatisticsVisitor.java:76] -%PARSER_ERROR[kvp]- Cannot find corresponding property partition for http://schema.org/Thing-affiliation
2025-11-24 08:31:21,173 DEBUG [main] f.s.r.s.d.r.EnrichDocumentationWithChartsVisitor [EnrichDocumentationWithChartsVisitor.java:82] -%PARSER_ERROR[kvp]- Cannot find corresponding property partition for https://open-pulse.epfl.ch/ontology#catalogTypeShape
2025-11-24 08:31:21,174 DEBUG [main] f.s.r.s.d.r.EnrichDocumentationWithChartsVisitor [EnrichDocumentationWithChartsVisitor.java:82] -%PARSER_ERROR[kvp]- Cannot find corresponding property partition for https://open-pulse.epfl.ch/ontology#entityTypeShape
2025-11-24 08:31:21,205 DEBUG [main] f.s.r.s.d.r.EnrichDocumentationWithQuerySparqlVisitor [EnrichDocumentationWithQuerySparqlVisitor.java:117] -%PARSER_ERROR[kvp]- Cannot find corresponding property partition for http://w3id.org/nfdi4ing/metadata4ing#hasRorIdShape
2025-11-24 08:31:21,206 DEBUG [main] f.s.r.s.d.r.EnrichDocumentationWithQuerySparqlVisitor [EnrichDocumentationWithQuerySparqlVisitor.java:117] -%PARSER_ERROR[kvp]- Cannot find corresponding property partition for http://schema.org/Organization-legalName
2025-11-24 08:31:21,207 DEBUG [main] f.s.r.s.d.r.EnrichDocumentationWithQuerySparqlVisitor [EnrichDocumentationWithQuerySparqlVisitor.java:117] -%PARSER_ERROR[kvp]- Cannot find corresponding property partition for https://open-pulse.epfl.ch/ontology#usernameShape
2025-11-24 08:31:21,208 DEBUG [main] f.s.r.s.d.r.EnrichDocumentationWithQuerySparqlVisitor [EnrichDocumentationWithQuerySparqlVisitor.java:117] -%PARSER_ERROR[kvp]- Cannot find corresponding property partition for http://schema.org/Thing-affiliation
2025-11-24 08:31:21,209 DEBUG [main] f.s.r.s.d.r.EnrichDocumentationWithQuerySparqlVisitor [EnrichDocumentationWithQuerySparqlVisitor.java:117] -%PARSER_ERROR[kvp]- Cannot find corresponding property partition for http://schema.org/Thing-name
2025-11-24 08:31:21,209 DEBUG [main] f.s.r.s.d.r.EnrichDocumentationWithQuerySparqlVisitor [EnrichDocumentationWithQuerySparqlVisitor.java:117] -%PARSER_ERROR[kvp]- Cannot find corresponding property partition for http://w3id.org/nfdi4ing/metadata4ing#orcidIdShape
2025-11-24 08:31:21,210 DEBUG [main] f.s.r.s.d.r.EnrichDocumentationWithQuerySparqlVisitor [EnrichDocumentationWithQuerySparqlVisitor.java:117] -%PARSER_ERROR[kvp]- Cannot find corresponding property partition for https://open-pulse.epfl.ch/ontology#catalogTypeShape
2025-11-24 08:31:21,211 DEBUG [main] f.s.r.s.d.r.EnrichDocumentationWithQuerySparqlVisitor [EnrichDocumentationWithQuerySparqlVisitor.java:117] -%PARSER_ERROR[kvp]- Cannot find corresponding property partition for https://open-pulse.epfl.ch/ontology#entityTypeShape
2025-11-24 08:31:21,211 DEBUG [main] f.s.r.s.d.r.EnrichDocumentationWithQuerySparqlVisitor [EnrichDocumentationWithQuerySparqlVisitor.java:117] -%PARSER_ERROR[kvp]- Cannot find corresponding property partition for https://open-pulse.epfl.ch/ontology#externalIdShape
2025-11-24 08:31:21,212 DEBUG [main] f.s.r.s.d.r.EnrichDocumentationWithQuerySparqlVisitor [EnrichDocumentationWithQuerySparqlVisitor.java:117] -%PARSER_ERROR[kvp]- Cannot find corresponding property partition for https://open-pulse.epfl.ch/ontology#hasCatalogEntityShape
2025-11-24 08:31:21,213 DEBUG [main] f.s.r.s.d.r.EnrichDocumentationWithQuerySparqlVisitor [EnrichDocumentationWithQuerySparqlVisitor.java:117] -%PARSER_ERROR[kvp]- Cannot find corresponding property partition for https://open-pulse.epfl.ch/ontology#confidenceShape
2025-11-24 08:31:21,213 DEBUG [main] f.s.r.s.d.r.EnrichDocumentationWithQuerySparqlVisitor [EnrichDocumentationWithQuerySparqlVisitor.java:117] -%PARSER_ERROR[kvp]- Cannot find corresponding property partition for https://open-pulse.epfl.ch/ontology#justificationShape
2025-11-24 08:31:21,214 DEBUG [main] f.s.r.s.d.r.EnrichDocumentationWithQuerySparqlVisitor [EnrichDocumentationWithQuerySparqlVisitor.java:117] -%PARSER_ERROR[kvp]- Cannot find corresponding property partition for https://open-pulse.epfl.ch/ontology#matchedOnShape
2025-11-24 08:31:21,215 DEBUG [main] f.s.r.s.d.r.EnrichDocumentationWithQuerySparqlVisitor [EnrichDocumentationWithQuerySparqlVisitor.java:117] -%PARSER_ERROR[kvp]- Cannot find corresponding property partition for https://open-pulse.epfl.ch/ontology#uuidShape
2025-11-24 08:31:21,215 DEBUG [main] f.s.r.s.d.r.EnrichDocumentationWithQuerySparqlVisitor [EnrichDocumentationWithQuerySparqlVisitor.java:117] -%PARSER_ERROR[kvp]- Cannot find corresponding property partition for https://open-pulse.epfl.ch/ontology#emailShape
2025-11-24 08:31:21,216 DEBUG [main] f.s.r.s.d.r.EnrichDocumentationWithQuerySparqlVisitor [EnrichDocumentationWithQuerySparqlVisitor.java:117] -%PARSER_ERROR[kvp]- Cannot find corresponding property partition for http://schema.org/Thing-affiliation
2025-11-24 08:31:21,216 DEBUG [main] f.s.r.s.d.r.EnrichDocumentationWithQuerySparqlVisitor [EnrichDocumentationWithQuerySparqlVisitor.java:117] -%PARSER_ERROR[kvp]- Cannot find corresponding property partition for http://schema.org/Thing-name
2025-11-24 08:31:21,217 DEBUG [main] f.s.r.s.d.r.EnrichDocumentationWithQuerySparqlVisitor [EnrichDocumentationWithQuerySparqlVisitor.java:117] -%PARSER_ERROR[kvp]- Cannot find corresponding property partition for http://w3id.org/nfdi4ing/metadata4ing#orcidIdShape
2025-11-24 08:31:21,218 DEBUG [main] f.s.r.s.d.r.EnrichDocumentationWithQuerySparqlVisitor [EnrichDocumentationWithQuerySparqlVisitor.java:117] -%PARSER_ERROR[kvp]- Cannot find corresponding property partition for https://open-pulse.epfl.ch/ontology#profileUrlShape
2025-11-24 08:31:21,219 DEBUG [main] f.s.r.s.d.r.EnrichDocumentationWithQuerySparqlVisitor [EnrichDocumentationWithQuerySparqlVisitor.java:117] -%PARSER_ERROR[kvp]- Cannot find corresponding property partition for http://schema.org/Thing-identifier
2025-11-24 08:31:21,220 DEBUG [main] f.s.r.s.d.r.EnrichDocumentationWithQuerySparqlVisitor [EnrichDocumentationWithQuerySparqlVisitor.java:117] -%PARSER_ERROR[kvp]- Cannot find corresponding property partition for http://schema.org/Thing-description
2025-11-24 08:31:21,221 DEBUG [main] f.s.r.s.d.r.EnrichDocumentationWithQuerySparqlVisitor [EnrichDocumentationWithQuerySparqlVisitor.java:117] -%PARSER_ERROR[kvp]- Cannot find corresponding property partition for http://schema.org/CreativeWork-dateCreated
2025-11-24 08:31:21,221 DEBUG [main] f.s.r.s.d.r.EnrichDocumentationWithQuerySparqlVisitor [EnrichDocumentationWithQuerySparqlVisitor.java:117] -%PARSER_ERROR[kvp]- Cannot find corresponding property partition for http://schema.org/Thing-name
2025-11-24 08:31:21,222 DEBUG [main] f.s.r.s.d.r.EnrichDocumentationWithQuerySparqlVisitor [EnrichDocumentationWithQuerySparqlVisitor.java:117] -%PARSER_ERROR[kvp]- Cannot find corresponding property partition for http://schema.org/CreativeWork-datePublished
2025-11-24 08:31:21,222 DEBUG [main] f.s.r.s.d.r.EnrichDocumentationWithQuerySparqlVisitor [EnrichDocumentationWithQuerySparqlVisitor.java:117] -%PARSER_ERROR[kvp]- Cannot find corresponding property partition for http://schema.org/CreativeWork-author
2025-11-24 08:31:21,223 DEBUG [main] f.s.r.s.d.r.EnrichDocumentationWithQuerySparqlVisitor [EnrichDocumentationWithQuerySparqlVisitor.java:117] -%PARSER_ERROR[kvp]- Cannot find corresponding property partition for http://schema.org/Thing-url
2025-11-24 08:31:21,224 DEBUG [main] f.s.r.s.d.r.EnrichDocumentationWithQuerySparqlVisitor [EnrichDocumentationWithQuerySparqlVisitor.java:117] -%PARSER_ERROR[kvp]- Cannot find corresponding property partition for http://schema.org/Thing-description
2025-11-24 08:31:21,224 DEBUG [main] f.s.r.s.d.r.EnrichDocumentationWithQuerySparqlVisitor [EnrichDocumentationWithQuerySparqlVisitor.java:117] -%PARSER_ERROR[kvp]- Cannot find corresponding property partition for http://schema.org/Thing-name
2025-11-24 08:31:21,225 DEBUG [main] f.s.r.s.d.r.EnrichDocumentationWithQuerySparqlVisitor [EnrichDocumentationWithQuerySparqlVisitor.java:117] -%PARSER_ERROR[kvp]- Cannot find corresponding property partition for http://schema.org/Thing-url
2025-11-24 08:31:21,226 DEBUG [main] f.s.r.s.d.r.EnrichDocumentationWithQuerySparqlVisitor [EnrichDocumentationWithQuerySparqlVisitor.java:117] -%PARSER_ERROR[kvp]- Cannot find corresponding property partition for https://open-pulse.epfl.ch/ontology#repositoryTypeShape
2025-11-24 08:31:21,226 DEBUG [main] f.s.r.s.d.r.EnrichDocumentationWithQuerySparqlVisitor [EnrichDocumentationWithQuerySparqlVisitor.java:117] -%PARSER_ERROR[kvp]- Cannot find corresponding property partition for http://schema.org/CreativeWork-citation
2025-11-24 08:31:21,227 DEBUG [main] f.s.r.s.d.r.EnrichDocumentationWithQuerySparqlVisitor [EnrichDocumentationWithQuerySparqlVisitor.java:117] -%PARSER_ERROR[kvp]- Cannot find corresponding property partition for http://schema.org/CreativeWork-license
2025-11-24 08:31:21,228 DEBUG [main] f.s.r.s.d.r.EnrichDocumentationWithQuerySparqlVisitor [EnrichDocumentationWithQuerySparqlVisitor.java:117] -%PARSER_ERROR[kvp]- Cannot find corresponding property partition for https://open-pulse.epfl.ch/ontology#commitsShape
2025-11-24 08:31:21,228 DEBUG [main] f.s.r.s.d.r.EnrichDocumentationWithQuerySparqlVisitor [EnrichDocumentationWithQuerySparqlVisitor.java:117] -%PARSER_ERROR[kvp]- Cannot find corresponding property partition for https://open-pulse.epfl.ch/ontology#gitAuthorsShape
2025-11-24 08:31:21,229 DEBUG [main] f.s.r.s.d.r.EnrichDocumentationWithQuerySparqlVisitor [EnrichDocumentationWithQuerySparqlVisitor.java:117] -%PARSER_ERROR[kvp]- Cannot find corresponding property partition for https://open-pulse.epfl.ch/ontology#lastCommitDateShape
2025-11-24 08:31:21,229 DEBUG [main] f.s.r.s.d.r.EnrichDocumentationWithQuerySparqlVisitor [EnrichDocumentationWithQuerySparqlVisitor.java:117] -%PARSER_ERROR[kvp]- Cannot find corresponding property partition for https://open-pulse.epfl.ch/ontology#relatedModelsShape
2025-11-24 08:31:21,230 DEBUG [main] f.s.r.s.d.r.EnrichDocumentationWithQuerySparqlVisitor [EnrichDocumentationWithQuerySparqlVisitor.java:117] -%PARSER_ERROR[kvp]- Cannot find corresponding property partition for http://schema.org/Thing-url
2025-11-24 08:31:21,231 DEBUG [main] f.s.r.s.d.r.EnrichDocumentationWithQuerySparqlVisitor [EnrichDocumentationWithQuerySparqlVisitor.java:117] -%PARSER_ERROR[kvp]- Cannot find corresponding property partition for http://schema.org/Thing-identifier
2025-11-24 08:31:21,231 DEBUG [main] f.s.r.s.d.r.EnrichDocumentationWithQuerySparqlVisitor [EnrichDocumentationWithQuerySparqlVisitor.java:117] -%PARSER_ERROR[kvp]- Cannot find corresponding property partition for https://open-pulse.epfl.ch/ontology#disciplineShape
2025-11-24 08:31:21,232 DEBUG [main] f.s.r.s.d.r.EnrichDocumentationWithQuerySparqlVisitor [EnrichDocumentationWithQuerySparqlVisitor.java:117] -%PARSER_ERROR[kvp]- Cannot find corresponding property partition for https://open-pulse.epfl.ch/ontology#linkedEntitiesShape
2025-11-24 08:31:21,233 DEBUG [main] f.s.r.s.d.r.EnrichDocumentationWithQuerySparqlVisitor [EnrichDocumentationWithQuerySparqlVisitor.java:117] -%PARSER_ERROR[kvp]- Cannot find corresponding property partition for https://w3id.org/okn/o/sd#SoftwareApplication-readme
2025-11-24 08:31:21,235 DEBUG [main] f.s.r.s.d.r.EnrichDocumentationWithQuerySparqlVisitor [EnrichDocumentationWithQuerySparqlVisitor.java:117] -%PARSER_ERROR[kvp]- Cannot find corresponding property partition for http://schema.org/CreativeWork-datePublished
2025-11-24 08:31:21,236 DEBUG [main] f.s.r.s.d.r.EnrichDocumentationWithQuerySparqlVisitor [EnrichDocumentationWithQuerySparqlVisitor.java:117] -%PARSER_ERROR[kvp]- Cannot find corresponding property partition for https://open-pulse.epfl.ch/ontology#firstCommitDateShape
2025-11-24 08:31:21,236 DEBUG [main] f.s.r.s.d.r.EnrichDocumentationWithQuerySparqlVisitor [EnrichDocumentationWithQuerySparqlVisitor.java:117] -%PARSER_ERROR[kvp]- Cannot find corresponding property partition for https://open-pulse.epfl.ch/ontology#relatedAPIsShape
2025-11-24 08:31:21,237 DEBUG [main] f.s.r.s.d.r.EnrichDocumentationWithQuerySparqlVisitor [EnrichDocumentationWithQuerySparqlVisitor.java:117] -%PARSER_ERROR[kvp]- Cannot find corresponding property partition for http://schema.org/CreativeWork-dateCreated
2025-11-24 08:31:21,238 DEBUG [main] f.s.r.s.d.r.EnrichDocumentationWithQuerySparqlVisitor [EnrichDocumentationWithQuerySparqlVisitor.java:117] -%PARSER_ERROR[kvp]- Cannot find corresponding property partition for http://schema.org/SoftwareSourceCode-codeRepository
2025-11-24 08:31:21,239 DEBUG [main] f.s.r.s.d.r.EnrichDocumentationWithQuerySparqlVisitor [EnrichDocumentationWithQuerySparqlVisitor.java:117] -%PARSER_ERROR[kvp]- Cannot find corresponding property partition for https://open-pulse.epfl.ch/ontology#sourceShape
2025-11-24 08:31:21,240 DEBUG [main] f.s.r.s.d.r.EnrichDocumentationWithQuerySparqlVisitor [EnrichDocumentationWithQuerySparqlVisitor.java:117] -%PARSER_ERROR[kvp]- Cannot find corresponding property partition for https://open-pulse.epfl.ch/ontology#relatedToEPFLShape
2025-11-24 08:31:21,241 DEBUG [main] f.s.r.s.d.r.EnrichDocumentationWithQuerySparqlVisitor [EnrichDocumentationWithQuerySparqlVisitor.java:117] -%PARSER_ERROR[kvp]- Cannot find corresponding property partition for https://open-pulse.epfl.ch/ontology#relatedToOrganizationShape
2025-11-24 08:31:21,242 DEBUG [main] f.s.r.s.d.r.EnrichDocumentationWithQuerySparqlVisitor [EnrichDocumentationWithQuerySparqlVisitor.java:117] -%PARSER_ERROR[kvp]- Cannot find corresponding property partition for http://schema.org/CreativeWork-author
2025-11-24 08:31:21,243 DEBUG [main] f.s.r.s.d.r.EnrichDocumentationWithQuerySparqlVisitor [EnrichDocumentationWithQuerySparqlVisitor.java:117] -%PARSER_ERROR[kvp]- Cannot find corresponding property partition for http://schema.org/SoftwareSourceCode-programmingLanguage
2025-11-24 08:31:21,244 DEBUG [main] f.s.r.s.d.r.EnrichDocumentationWithQuerySparqlVisitor [EnrichDocumentationWithQuerySparqlVisitor.java:117] -%PARSER_ERROR[kvp]- Cannot find corresponding property partition for https://open-pulse.epfl.ch/ontology#relatedPublicationsShape
2025-11-24 08:31:21,245 DEBUG [main] f.s.r.s.d.r.EnrichDocumentationWithQuerySparqlVisitor [EnrichDocumentationWithQuerySparqlVisitor.java:117] -%PARSER_ERROR[kvp]- Cannot find corresponding property partition for http://schema.org/Thing-description
2025-11-24 08:31:21,245 DEBUG [main] f.s.r.s.d.r.EnrichDocumentationWithQuerySparqlVisitor [EnrichDocumentationWithQuerySparqlVisitor.java:117] -%PARSER_ERROR[kvp]- Cannot find corresponding property partition for https://open-pulse.epfl.ch/ontology#relatedDatasetsShape
2025-11-24 08:31:21,246 DEBUG [main] f.s.r.s.d.r.EnrichDocumentationWithQuerySparqlVisitor [EnrichDocumentationWithQuerySparqlVisitor.java:117] -%PARSER_ERROR[kvp]- Cannot find corresponding property partition for https://open-pulse.epfl.ch/ontology#metadataShape
2025-11-24 08:31:21,246 DEBUG [main] f.s.r.s.d.r.EnrichDocumentationWithQuerySparqlVisitor [EnrichDocumentationWithQuerySparqlVisitor.java:117] -%PARSER_ERROR[kvp]- Cannot find corresponding property partition for https://open-pulse.epfl.ch/ontology#totalCommitsShape
2025-11-24 08:31:21,247 DEBUG [main] f.s.r.s.d.r.EnrichDocumentationWithQuerySparqlVisitor [EnrichDocumentationWithQuerySparqlVisitor.java:117] -%PARSER_ERROR[kvp]- Cannot find corresponding property partition for http://schema.org/Thing-name
2025-11-24 08:31:21,248 DEBUG [main] f.s.r.s.d.r.EnrichDocumentationWithQuerySparqlVisitor [EnrichDocumentationWithQuerySparqlVisitor.java:117] -%PARSER_ERROR[kvp]- Cannot find corresponding property partition for https://open-pulse.epfl.ch/ontology#hasAcademicCatalogRelationShape
2025-11-24 08:31:21,248 DEBUG [main] f.s.r.s.d.r.EnrichDocumentationWithQuerySparqlVisitor [EnrichDocumentationWithQuerySparqlVisitor.java:117] -%PARSER_ERROR[kvp]- Cannot find corresponding property partition for https://open-pulse.epfl.ch/ontology#usernameShape
2025-11-24 08:31:21,249 DEBUG [main] f.s.r.s.d.r.EnrichDocumentationWithQuerySparqlVisitor [EnrichDocumentationWithQuerySparqlVisitor.java:117] -%PARSER_ERROR[kvp]- Cannot find corresponding property partition for https://open-pulse.epfl.ch/ontology#hasRepositoryShape
2025-11-24 08:31:21,250 DEBUG [main] f.s.r.s.d.r.EnrichDocumentationWithQuerySparqlVisitor [EnrichDocumentationWithQuerySparqlVisitor.java:117] -%PARSER_ERROR[kvp]- Cannot find corresponding property partition for http://schema.org/Thing-affiliation
2025-11-24 08:31:24,067 DEBUG [main] o.a.j.r.s.s.JenaIOEnvironment [JenaIOEnvironment.java:180] -%PARSER_ERROR[kvp]- Failed to find configuration: location-mapping.ttl;location-mapping.rdf;etc/location-mapping.rdf;etc/location-mapping.ttl
2025-11-24 08:31:24,399 DEBUG [main] f.s.r.s.a.InputModelReader [InputModelReader.java:66] -%PARSER_ERROR[kvp]- Reading input from : /tmp/enriched.ttl
2025-11-24 08:31:24,419 DEBUG [main] o.a.j.s.LockMRSW [LockMRSW.java:57] -%PARSER_ERROR[kvp]- Lock : main
2025-11-24 08:31:24,420 DEBUG [main] o.a.j.s.LockMRSW [LockMRSW.java:57] -%PARSER_ERROR[kvp]- Lock : main
2025-11-24 08:31:25,173 DEBUG [main] f.s.r.s.a.d.Draw [Draw.java:58] -%PARSER_ERROR[kvp]- Drawing to /home/rmfranken/open-pulse-ontology/docs/ontology.svg
2025-11-24 09:23:38,111 DEBUG [main] o.a.j.r.s.s.JenaIOEnvironment [JenaIOEnvironment.java:180] -%PARSER_ERROR[kvp]- Failed to find configuration: location-mapping.ttl;location-mapping.rdf;etc/location-mapping.rdf;etc/location-mapping.ttl
2025-11-24 09:23:38,410 DEBUG [main] f.s.r.s.a.InputModelReader [InputModelReader.java:66] -%PARSER_ERROR[kvp]- Reading input from : /tmp/enriched.ttl
2025-11-24 09:23:38,426 DEBUG [main] o.a.j.s.LockMRSW [LockMRSW.java:57] -%PARSER_ERROR[kvp]- Lock : main
2025-11-24 09:23:38,428 DEBUG [main] o.a.j.s.LockMRSW [LockMRSW.java:57] -%PARSER_ERROR[kvp]- Lock : main
2025-11-24 09:23:41,571 DEBUG [main] f.s.r.s.d.r.EnrichDocumentationWithStatisticsVisitor [EnrichDocumentationWithStatisticsVisitor.java:47] -%PARSER_ERROR[kvp]- Cannot find corresponding class partition for http://schema.org/Organization
2025-11-24 09:23:41,572 DEBUG [main] f.s.r.s.d.r.EnrichDocumentationWithStatisticsVisitor [EnrichDocumentationWithStatisticsVisitor.java:76] -%PARSER_ERROR[kvp]- Cannot find corresponding property partition for http://w3id.org/nfdi4ing/metadata4ing#hasRorIdShape
2025-11-24 09:23:41,573 DEBUG [main] f.s.r.s.d.r.EnrichDocumentationWithStatisticsVisitor [EnrichDocumentationWithStatisticsVisitor.java:76] -%PARSER_ERROR[kvp]- Cannot find corresponding property partition for http://schema.org/Organization-legalName
2025-11-24 09:23:41,574 DEBUG [main] f.s.r.s.d.r.EnrichDocumentationWithStatisticsVisitor [EnrichDocumentationWithStatisticsVisitor.java:47] -%PARSER_ERROR[kvp]- Cannot find corresponding class partition for http://schema.org/Person
2025-11-24 09:23:41,574 DEBUG [main] f.s.r.s.d.r.EnrichDocumentationWithStatisticsVisitor [EnrichDocumentationWithStatisticsVisitor.java:76] -%PARSER_ERROR[kvp]- Cannot find corresponding property partition for https://open-pulse.epfl.ch/ontology#usernameShape
2025-11-24 09:23:41,575 DEBUG [main] f.s.r.s.d.r.EnrichDocumentationWithStatisticsVisitor [EnrichDocumentationWithStatisticsVisitor.java:76] -%PARSER_ERROR[kvp]- Cannot find corresponding property partition for http://schema.org/Thing-affiliation
2025-11-24 09:23:41,575 DEBUG [main] f.s.r.s.d.r.EnrichDocumentationWithStatisticsVisitor [EnrichDocumentationWithStatisticsVisitor.java:76] -%PARSER_ERROR[kvp]- Cannot find corresponding property partition for http://schema.org/Thing-name
2025-11-24 09:23:41,575 DEBUG [main] f.s.r.s.d.r.EnrichDocumentationWithStatisticsVisitor [EnrichDocumentationWithStatisticsVisitor.java:76] -%PARSER_ERROR[kvp]- Cannot find corresponding property partition for http://w3id.org/nfdi4ing/metadata4ing#orcidIdShape
2025-11-24 09:23:41,575 DEBUG [main] f.s.r.s.d.r.EnrichDocumentationWithStatisticsVisitor [EnrichDocumentationWithStatisticsVisitor.java:47] -%PARSER_ERROR[kvp]- Cannot find corresponding class partition for https://open-pulse.epfl.ch/ontology#AcademicCatalogRelation
2025-11-24 09:23:41,576 DEBUG [main] f.s.r.s.d.r.EnrichDocumentationWithStatisticsVisitor [EnrichDocumentationWithStatisticsVisitor.java:76] -%PARSER_ERROR[kvp]- Cannot find corresponding property partition for https://open-pulse.epfl.ch/ontology#catalogTypeShape
2025-11-24 09:23:41,576 DEBUG [main] f.s.r.s.d.r.EnrichDocumentationWithStatisticsVisitor [EnrichDocumentationWithStatisticsVisitor.java:76] -%PARSER_ERROR[kvp]- Cannot find corresponding property partition for https://open-pulse.epfl.ch/ontology#entityTypeShape
2025-11-24 09:23:41,576 DEBUG [main] f.s.r.s.d.r.EnrichDocumentationWithStatisticsVisitor [EnrichDocumentationWithStatisticsVisitor.java:76] -%PARSER_ERROR[kvp]- Cannot find corresponding property partition for https://open-pulse.epfl.ch/ontology#externalIdShape
2025-11-24 09:23:41,577 DEBUG [main] f.s.r.s.d.r.EnrichDocumentationWithStatisticsVisitor [EnrichDocumentationWithStatisticsVisitor.java:76] -%PARSER_ERROR[kvp]- Cannot find corresponding property partition for https://open-pulse.epfl.ch/ontology#hasCatalogEntityShape
2025-11-24 09:23:41,577 DEBUG [main] f.s.r.s.d.r.EnrichDocumentationWithStatisticsVisitor [EnrichDocumentationWithStatisticsVisitor.java:76] -%PARSER_ERROR[kvp]- Cannot find corresponding property partition for https://open-pulse.epfl.ch/ontology#confidenceShape
2025-11-24 09:23:41,577 DEBUG [main] f.s.r.s.d.r.EnrichDocumentationWithStatisticsVisitor [EnrichDocumentationWithStatisticsVisitor.java:76] -%PARSER_ERROR[kvp]- Cannot find corresponding property partition for https://open-pulse.epfl.ch/ontology#justificationShape
2025-11-24 09:23:41,577 DEBUG [main] f.s.r.s.d.r.EnrichDocumentationWithStatisticsVisitor [EnrichDocumentationWithStatisticsVisitor.java:76] -%PARSER_ERROR[kvp]- Cannot find corresponding property partition for https://open-pulse.epfl.ch/ontology#matchedOnShape
2025-11-24 09:23:41,578 DEBUG [main] f.s.r.s.d.r.EnrichDocumentationWithStatisticsVisitor [EnrichDocumentationWithStatisticsVisitor.java:47] -%PARSER_ERROR[kvp]- Cannot find corresponding class partition for https://open-pulse.epfl.ch/ontology#CatalogEntity
2025-11-24 09:23:41,578 DEBUG [main] f.s.r.s.d.r.EnrichDocumentationWithStatisticsVisitor [EnrichDocumentationWithStatisticsVisitor.java:76] -%PARSER_ERROR[kvp]- Cannot find corresponding property partition for https://open-pulse.epfl.ch/ontology#uuidShape
2025-11-24 09:23:41,578 DEBUG [main] f.s.r.s.d.r.EnrichDocumentationWithStatisticsVisitor [EnrichDocumentationWithStatisticsVisitor.java:76] -%PARSER_ERROR[kvp]- Cannot find corresponding property partition for https://open-pulse.epfl.ch/ontology#emailShape
2025-11-24 09:23:41,578 DEBUG [main] f.s.r.s.d.r.EnrichDocumentationWithStatisticsVisitor [EnrichDocumentationWithStatisticsVisitor.java:76] -%PARSER_ERROR[kvp]- Cannot find corresponding property partition for http://schema.org/Thing-affiliation
2025-11-24 09:23:41,579 DEBUG [main] f.s.r.s.d.r.EnrichDocumentationWithStatisticsVisitor [EnrichDocumentationWithStatisticsVisitor.java:76] -%PARSER_ERROR[kvp]- Cannot find corresponding property partition for http://schema.org/Thing-name
2025-11-24 09:23:41,579 DEBUG [main] f.s.r.s.d.r.EnrichDocumentationWithStatisticsVisitor [EnrichDocumentationWithStatisticsVisitor.java:76] -%PARSER_ERROR[kvp]- Cannot find corresponding property partition for http://w3id.org/nfdi4ing/metadata4ing#orcidIdShape
2025-11-24 09:23:41,579 DEBUG [main] f.s.r.s.d.r.EnrichDocumentationWithStatisticsVisitor [EnrichDocumentationWithStatisticsVisitor.java:76] -%PARSER_ERROR[kvp]- Cannot find corresponding property partition for https://open-pulse.epfl.ch/ontology#profileUrlShape
2025-11-24 09:23:41,580 DEBUG [main] f.s.r.s.d.r.EnrichDocumentationWithStatisticsVisitor [EnrichDocumentationWithStatisticsVisitor.java:47] -%PARSER_ERROR[kvp]- Cannot find corresponding class partition for https://open-pulse.epfl.ch/ontology#DisciplineEnumeration
2025-11-24 09:23:41,580 DEBUG [main] f.s.r.s.d.r.EnrichDocumentationWithStatisticsVisitor [EnrichDocumentationWithStatisticsVisitor.java:47] -%PARSER_ERROR[kvp]- Cannot find corresponding class partition for http://schema.org/ScholarlyArticle
2025-11-24 09:23:41,580 DEBUG [main] f.s.r.s.d.r.EnrichDocumentationWithStatisticsVisitor [EnrichDocumentationWithStatisticsVisitor.java:76] -%PARSER_ERROR[kvp]- Cannot find corresponding property partition for http://schema.org/Thing-identifier
2025-11-24 09:23:41,581 DEBUG [main] f.s.r.s.d.r.EnrichDocumentationWithStatisticsVisitor [EnrichDocumentationWithStatisticsVisitor.java:76] -%PARSER_ERROR[kvp]- Cannot find corresponding property partition for http://schema.org/Thing-description
2025-11-24 09:23:41,581 DEBUG [main] f.s.r.s.d.r.EnrichDocumentationWithStatisticsVisitor [EnrichDocumentationWithStatisticsVisitor.java:76] -%PARSER_ERROR[kvp]- Cannot find corresponding property partition for http://schema.org/CreativeWork-dateCreated
2025-11-24 09:23:41,581 DEBUG [main] f.s.r.s.d.r.EnrichDocumentationWithStatisticsVisitor [EnrichDocumentationWithStatisticsVisitor.java:76] -%PARSER_ERROR[kvp]- Cannot find corresponding property partition for http://schema.org/Thing-name
2025-11-24 09:23:41,581 DEBUG [main] f.s.r.s.d.r.EnrichDocumentationWithStatisticsVisitor [EnrichDocumentationWithStatisticsVisitor.java:76] -%PARSER_ERROR[kvp]- Cannot find corresponding property partition for http://schema.org/CreativeWork-datePublished
2025-11-24 09:23:41,581 DEBUG [main] f.s.r.s.d.r.EnrichDocumentationWithStatisticsVisitor [EnrichDocumentationWithStatisticsVisitor.java:76] -%PARSER_ERROR[kvp]- Cannot find corresponding property partition for http://schema.org/CreativeWork-author
2025-11-24 09:23:41,582 DEBUG [main] f.s.r.s.d.r.EnrichDocumentationWithStatisticsVisitor [EnrichDocumentationWithStatisticsVisitor.java:76] -%PARSER_ERROR[kvp]- Cannot find corresponding property partition for http://schema.org/Thing-url
2025-11-24 09:23:41,582 DEBUG [main] f.s.r.s.d.r.EnrichDocumentationWithStatisticsVisitor [EnrichDocumentationWithStatisticsVisitor.java:47] -%PARSER_ERROR[kvp]- Cannot find corresponding class partition for http://schema.org/Dataset
2025-11-24 09:23:41,582 DEBUG [main] f.s.r.s.d.r.EnrichDocumentationWithStatisticsVisitor [EnrichDocumentationWithStatisticsVisitor.java:76] -%PARSER_ERROR[kvp]- Cannot find corresponding property partition for http://schema.org/Thing-description
2025-11-24 09:23:41,582 DEBUG [main] f.s.r.s.d.r.EnrichDocumentationWithStatisticsVisitor [EnrichDocumentationWithStatisticsVisitor.java:76] -%PARSER_ERROR[kvp]- Cannot find corresponding property partition for http://schema.org/Thing-name
2025-11-24 09:23:41,583 DEBUG [main] f.s.r.s.d.r.EnrichDocumentationWithStatisticsVisitor [EnrichDocumentationWithStatisticsVisitor.java:76] -%PARSER_ERROR[kvp]- Cannot find corresponding property partition for http://schema.org/Thing-url
2025-11-24 09:23:41,583 DEBUG [main] f.s.r.s.d.r.EnrichDocumentationWithStatisticsVisitor [EnrichDocumentationWithStatisticsVisitor.java:47] -%PARSER_ERROR[kvp]- Cannot find corresponding class partition for http://schema.org/SoftwareSourceCode
2025-11-24 09:23:41,583 DEBUG [main] f.s.r.s.d.r.EnrichDocumentationWithStatisticsVisitor [EnrichDocumentationWithStatisticsVisitor.java:76] -%PARSER_ERROR[kvp]- Cannot find corresponding property partition for https://open-pulse.epfl.ch/ontology#repositoryTypeShape
2025-11-24 09:23:41,584 DEBUG [main] f.s.r.s.d.r.EnrichDocumentationWithStatisticsVisitor [EnrichDocumentationWithStatisticsVisitor.java:76] -%PARSER_ERROR[kvp]- Cannot find corresponding property partition for http://schema.org/CreativeWork-citation
2025-11-24 09:23:41,584 DEBUG [main] f.s.r.s.d.r.EnrichDocumentationWithStatisticsVisitor [EnrichDocumentationWithStatisticsVisitor.java:76] -%PARSER_ERROR[kvp]- Cannot find corresponding property partition for http://schema.org/CreativeWork-license
2025-11-24 09:23:41,584 DEBUG [main] f.s.r.s.d.r.EnrichDocumentationWithStatisticsVisitor [EnrichDocumentationWithStatisticsVisitor.java:76] -%PARSER_ERROR[kvp]- Cannot find corresponding property partition for https://open-pulse.epfl.ch/ontology#commitsShape
2025-11-24 09:23:41,584 DEBUG [main] f.s.r.s.d.r.EnrichDocumentationWithStatisticsVisitor [EnrichDocumentationWithStatisticsVisitor.java:76] -%PARSER_ERROR[kvp]- Cannot find corresponding property partition for https://open-pulse.epfl.ch/ontology#gitAuthorsShape
2025-11-24 09:23:41,584 DEBUG [main] f.s.r.s.d.r.EnrichDocumentationWithStatisticsVisitor [EnrichDocumentationWithStatisticsVisitor.java:76] -%PARSER_ERROR[kvp]- Cannot find corresponding property partition for https://open-pulse.epfl.ch/ontology#lastCommitDateShape
2025-11-24 09:23:41,585 DEBUG [main] f.s.r.s.d.r.EnrichDocumentationWithStatisticsVisitor [EnrichDocumentationWithStatisticsVisitor.java:76] -%PARSER_ERROR[kvp]- Cannot find corresponding property partition for https://open-pulse.epfl.ch/ontology#relatedModelsShape
2025-11-24 09:23:41,585 DEBUG [main] f.s.r.s.d.r.EnrichDocumentationWithStatisticsVisitor [EnrichDocumentationWithStatisticsVisitor.java:76] -%PARSER_ERROR[kvp]- Cannot find corresponding property partition for http://schema.org/Thing-url
2025-11-24 09:23:41,585 DEBUG [main] f.s.r.s.d.r.EnrichDocumentationWithStatisticsVisitor [EnrichDocumentationWithStatisticsVisitor.java:76] -%PARSER_ERROR[kvp]- Cannot find corresponding property partition for http://schema.org/Thing-identifier
2025-11-24 09:23:41,585 DEBUG [main] f.s.r.s.d.r.EnrichDocumentationWithStatisticsVisitor [EnrichDocumentationWithStatisticsVisitor.java:76] -%PARSER_ERROR[kvp]- Cannot find corresponding property partition for https://open-pulse.epfl.ch/ontology#disciplineShape
2025-11-24 09:23:41,586 DEBUG [main] f.s.r.s.d.r.EnrichDocumentationWithStatisticsVisitor [EnrichDocumentationWithStatisticsVisitor.java:76] -%PARSER_ERROR[kvp]- Cannot find corresponding property partition for https://open-pulse.epfl.ch/ontology#linkedEntitiesShape
2025-11-24 09:23:41,586 DEBUG [main] f.s.r.s.d.r.EnrichDocumentationWithStatisticsVisitor [EnrichDocumentationWithStatisticsVisitor.java:76] -%PARSER_ERROR[kvp]- Cannot find corresponding property partition for https://w3id.org/okn/o/sd#SoftwareApplication-readme
2025-11-24 09:23:41,586 DEBUG [main] f.s.r.s.d.r.EnrichDocumentationWithStatisticsVisitor [EnrichDocumentationWithStatisticsVisitor.java:76] -%PARSER_ERROR[kvp]- Cannot find corresponding property partition for http://schema.org/CreativeWork-datePublished
2025-11-24 09:23:41,586 DEBUG [main] f.s.r.s.d.r.EnrichDocumentationWithStatisticsVisitor [EnrichDocumentationWithStatisticsVisitor.java:76] -%PARSER_ERROR[kvp]- Cannot find corresponding property partition for https://open-pulse.epfl.ch/ontology#firstCommitDateShape
2025-11-24 09:23:41,587 DEBUG [main] f.s.r.s.d.r.EnrichDocumentationWithStatisticsVisitor [EnrichDocumentationWithStatisticsVisitor.java:76] -%PARSER_ERROR[kvp]- Cannot find corresponding property partition for https://open-pulse.epfl.ch/ontology#relatedAPIsShape
2025-11-24 09:23:41,587 DEBUG [main] f.s.r.s.d.r.EnrichDocumentationWithStatisticsVisitor [EnrichDocumentationWithStatisticsVisitor.java:76] -%PARSER_ERROR[kvp]- Cannot find corresponding property partition for http://schema.org/CreativeWork-dateCreated
2025-11-24 09:23:41,587 DEBUG [main] f.s.r.s.d.r.EnrichDocumentationWithStatisticsVisitor [EnrichDocumentationWithStatisticsVisitor.java:76] -%PARSER_ERROR[kvp]- Cannot find corresponding property partition for http://schema.org/SoftwareSourceCode-codeRepository
2025-11-24 09:23:41,587 DEBUG [main] f.s.r.s.d.r.EnrichDocumentationWithStatisticsVisitor [EnrichDocumentationWithStatisticsVisitor.java:76] -%PARSER_ERROR[kvp]- Cannot find corresponding property partition for https://open-pulse.epfl.ch/ontology#sourceShape
2025-11-24 09:23:41,587 DEBUG [main] f.s.r.s.d.r.EnrichDocumentationWithStatisticsVisitor [EnrichDocumentationWithStatisticsVisitor.java:76] -%PARSER_ERROR[kvp]- Cannot find corresponding property partition for https://open-pulse.epfl.ch/ontology#relatedToEPFLShape
2025-11-24 09:23:41,587 DEBUG [main] f.s.r.s.d.r.EnrichDocumentationWithStatisticsVisitor [EnrichDocumentationWithStatisticsVisitor.java:76] -%PARSER_ERROR[kvp]- Cannot find corresponding property partition for https://open-pulse.epfl.ch/ontology#relatedToOrganizationShape
2025-11-24 09:23:41,588 DEBUG [main] f.s.r.s.d.r.EnrichDocumentationWithStatisticsVisitor [EnrichDocumentationWithStatisticsVisitor.java:76] -%PARSER_ERROR[kvp]- Cannot find corresponding property partition for http://schema.org/CreativeWork-author
2025-11-24 09:23:41,588 DEBUG [main] f.s.r.s.d.r.EnrichDocumentationWithStatisticsVisitor [EnrichDocumentationWithStatisticsVisitor.java:76] -%PARSER_ERROR[kvp]- Cannot find corresponding property partition for http://schema.org/SoftwareSourceCode-programmingLanguage
2025-11-24 09:23:41,588 DEBUG [main] f.s.r.s.d.r.EnrichDocumentationWithStatisticsVisitor [EnrichDocumentationWithStatisticsVisitor.java:76] -%PARSER_ERROR[kvp]- Cannot find corresponding property partition for https://open-pulse.epfl.ch/ontology#relatedPublicationsShape
2025-11-24 09:23:41,589 DEBUG [main] f.s.r.s.d.r.EnrichDocumentationWithStatisticsVisitor [EnrichDocumentationWithStatisticsVisitor.java:76] -%PARSER_ERROR[kvp]- Cannot find corresponding property partition for http://schema.org/Thing-description
2025-11-24 09:23:41,589 DEBUG [main] f.s.r.s.d.r.EnrichDocumentationWithStatisticsVisitor [EnrichDocumentationWithStatisticsVisitor.java:76] -%PARSER_ERROR[kvp]- Cannot find corresponding property partition for https://open-pulse.epfl.ch/ontology#relatedDatasetsShape
2025-11-24 09:23:41,589 DEBUG [main] f.s.r.s.d.r.EnrichDocumentationWithStatisticsVisitor [EnrichDocumentationWithStatisticsVisitor.java:76] -%PARSER_ERROR[kvp]- Cannot find corresponding property partition for https://open-pulse.epfl.ch/ontology#metadataShape
2025-11-24 09:23:41,589 DEBUG [main] f.s.r.s.d.r.EnrichDocumentationWithStatisticsVisitor [EnrichDocumentationWithStatisticsVisitor.java:76] -%PARSER_ERROR[kvp]- Cannot find corresponding property partition for https://open-pulse.epfl.ch/ontology#totalCommitsShape
2025-11-24 09:23:41,590 DEBUG [main] f.s.r.s.d.r.EnrichDocumentationWithStatisticsVisitor [EnrichDocumentationWithStatisticsVisitor.java:76] -%PARSER_ERROR[kvp]- Cannot find corresponding property partition for http://schema.org/Thing-name
2025-11-24 09:23:41,590 DEBUG [main] f.s.r.s.d.r.EnrichDocumentationWithStatisticsVisitor [EnrichDocumentationWithStatisticsVisitor.java:76] -%PARSER_ERROR[kvp]- Cannot find corresponding property partition for https://open-pulse.epfl.ch/ontology#hasAcademicCatalogRelationShape
2025-11-24 09:23:41,590 DEBUG [main] f.s.r.s.d.r.EnrichDocumentationWithStatisticsVisitor [EnrichDocumentationWithStatisticsVisitor.java:47] -%PARSER_ERROR[kvp]- Cannot find corresponding class partition for https://open-pulse.epfl.ch/ontology#RepositoryTypeEnumeration
2025-11-24 09:23:41,590 DEBUG [main] f.s.r.s.d.r.EnrichDocumentationWithStatisticsVisitor [EnrichDocumentationWithStatisticsVisitor.java:47] -%PARSER_ERROR[kvp]- Cannot find corresponding class partition for http://schema.org/GitHubOrganization
2025-11-24 09:23:41,591 DEBUG [main] f.s.r.s.d.r.EnrichDocumentationWithStatisticsVisitor [EnrichDocumentationWithStatisticsVisitor.java:76] -%PARSER_ERROR[kvp]- Cannot find corresponding property partition for https://open-pulse.epfl.ch/ontology#usernameShape
2025-11-24 09:23:41,591 DEBUG [main] f.s.r.s.d.r.EnrichDocumentationWithStatisticsVisitor [EnrichDocumentationWithStatisticsVisitor.java:76] -%PARSER_ERROR[kvp]- Cannot find corresponding property partition for https://open-pulse.epfl.ch/ontology#hasRepositoryShape
2025-11-24 09:23:41,591 DEBUG [main] f.s.r.s.d.r.EnrichDocumentationWithStatisticsVisitor [EnrichDocumentationWithStatisticsVisitor.java:76] -%PARSER_ERROR[kvp]- Cannot find corresponding property partition for http://schema.org/Thing-affiliation
2025-11-24 09:23:41,595 DEBUG [main] f.s.r.s.d.r.EnrichDocumentationWithChartsVisitor [EnrichDocumentationWithChartsVisitor.java:82] -%PARSER_ERROR[kvp]- Cannot find corresponding property partition for https://open-pulse.epfl.ch/ontology#catalogTypeShape
2025-11-24 09:23:41,596 DEBUG [main] f.s.r.s.d.r.EnrichDocumentationWithChartsVisitor [EnrichDocumentationWithChartsVisitor.java:82] -%PARSER_ERROR[kvp]- Cannot find corresponding property partition for https://open-pulse.epfl.ch/ontology#entityTypeShape
2025-11-24 09:23:41,630 DEBUG [main] f.s.r.s.d.r.EnrichDocumentationWithQuerySparqlVisitor [EnrichDocumentationWithQuerySparqlVisitor.java:117] -%PARSER_ERROR[kvp]- Cannot find corresponding property partition for http://w3id.org/nfdi4ing/metadata4ing#hasRorIdShape
2025-11-24 09:23:41,632 DEBUG [main] f.s.r.s.d.r.EnrichDocumentationWithQuerySparqlVisitor [EnrichDocumentationWithQuerySparqlVisitor.java:117] -%PARSER_ERROR[kvp]- Cannot find corresponding property partition for http://schema.org/Organization-legalName
2025-11-24 09:23:41,633 DEBUG [main] f.s.r.s.d.r.EnrichDocumentationWithQuerySparqlVisitor [EnrichDocumentationWithQuerySparqlVisitor.java:117] -%PARSER_ERROR[kvp]- Cannot find corresponding property partition for https://open-pulse.epfl.ch/ontology#usernameShape
2025-11-24 09:23:41,633 DEBUG [main] f.s.r.s.d.r.EnrichDocumentationWithQuerySparqlVisitor [EnrichDocumentationWithQuerySparqlVisitor.java:117] -%PARSER_ERROR[kvp]- Cannot find corresponding property partition for http://schema.org/Thing-affiliation
2025-11-24 09:23:41,634 DEBUG [main] f.s.r.s.d.r.EnrichDocumentationWithQuerySparqlVisitor [EnrichDocumentationWithQuerySparqlVisitor.java:117] -%PARSER_ERROR[kvp]- Cannot find corresponding property partition for http://schema.org/Thing-name
2025-11-24 09:23:41,635 DEBUG [main] f.s.r.s.d.r.EnrichDocumentationWithQuerySparqlVisitor [EnrichDocumentationWithQuerySparqlVisitor.java:117] -%PARSER_ERROR[kvp]- Cannot find corresponding property partition for http://w3id.org/nfdi4ing/metadata4ing#orcidIdShape
2025-11-24 09:23:41,635 DEBUG [main] f.s.r.s.d.r.EnrichDocumentationWithQuerySparqlVisitor [EnrichDocumentationWithQuerySparqlVisitor.java:117] -%PARSER_ERROR[kvp]- Cannot find corresponding property partition for https://open-pulse.epfl.ch/ontology#catalogTypeShape
2025-11-24 09:23:41,636 DEBUG [main] f.s.r.s.d.r.EnrichDocumentationWithQuerySparqlVisitor [EnrichDocumentationWithQuerySparqlVisitor.java:117] -%PARSER_ERROR[kvp]- Cannot find corresponding property partition for https://open-pulse.epfl.ch/ontology#entityTypeShape
2025-11-24 09:23:41,637 DEBUG [main] f.s.r.s.d.r.EnrichDocumentationWithQuerySparqlVisitor [EnrichDocumentationWithQuerySparqlVisitor.java:117] -%PARSER_ERROR[kvp]- Cannot find corresponding property partition for https://open-pulse.epfl.ch/ontology#externalIdShape
2025-11-24 09:23:41,638 DEBUG [main] f.s.r.s.d.r.EnrichDocumentationWithQuerySparqlVisitor [EnrichDocumentationWithQuerySparqlVisitor.java:117] -%PARSER_ERROR[kvp]- Cannot find corresponding property partition for https://open-pulse.epfl.ch/ontology#hasCatalogEntityShape
2025-11-24 09:23:41,639 DEBUG [main] f.s.r.s.d.r.EnrichDocumentationWithQuerySparqlVisitor [EnrichDocumentationWithQuerySparqlVisitor.java:117] -%PARSER_ERROR[kvp]- Cannot find corresponding property partition for https://open-pulse.epfl.ch/ontology#confidenceShape
2025-11-24 09:23:41,639 DEBUG [main] f.s.r.s.d.r.EnrichDocumentationWithQuerySparqlVisitor [EnrichDocumentationWithQuerySparqlVisitor.java:117] -%PARSER_ERROR[kvp]- Cannot find corresponding property partition for https://open-pulse.epfl.ch/ontology#justificationShape
2025-11-24 09:23:41,640 DEBUG [main] f.s.r.s.d.r.EnrichDocumentationWithQuerySparqlVisitor [EnrichDocumentationWithQuerySparqlVisitor.java:117] -%PARSER_ERROR[kvp]- Cannot find corresponding property partition for https://open-pulse.epfl.ch/ontology#matchedOnShape
2025-11-24 09:23:41,641 DEBUG [main] f.s.r.s.d.r.EnrichDocumentationWithQuerySparqlVisitor [EnrichDocumentationWithQuerySparqlVisitor.java:117] -%PARSER_ERROR[kvp]- Cannot find corresponding property partition for https://open-pulse.epfl.ch/ontology#uuidShape
2025-11-24 09:23:41,641 DEBUG [main] f.s.r.s.d.r.EnrichDocumentationWithQuerySparqlVisitor [EnrichDocumentationWithQuerySparqlVisitor.java:117] -%PARSER_ERROR[kvp]- Cannot find corresponding property partition for https://open-pulse.epfl.ch/ontology#emailShape
2025-11-24 09:23:41,642 DEBUG [main] f.s.r.s.d.r.EnrichDocumentationWithQuerySparqlVisitor [EnrichDocumentationWithQuerySparqlVisitor.java:117] -%PARSER_ERROR[kvp]- Cannot find corresponding property partition for http://schema.org/Thing-affiliation
2025-11-24 09:23:41,643 DEBUG [main] f.s.r.s.d.r.EnrichDocumentationWithQuerySparqlVisitor [EnrichDocumentationWithQuerySparqlVisitor.java:117] -%PARSER_ERROR[kvp]- Cannot find corresponding property partition for http://schema.org/Thing-name
2025-11-24 09:23:41,644 DEBUG [main] f.s.r.s.d.r.EnrichDocumentationWithQuerySparqlVisitor [EnrichDocumentationWithQuerySparqlVisitor.java:117] -%PARSER_ERROR[kvp]- Cannot find corresponding property partition for http://w3id.org/nfdi4ing/metadata4ing#orcidIdShape
2025-11-24 09:23:41,644 DEBUG [main] f.s.r.s.d.r.EnrichDocumentationWithQuerySparqlVisitor [EnrichDocumentationWithQuerySparqlVisitor.java:117] -%PARSER_ERROR[kvp]- Cannot find corresponding property partition for https://open-pulse.epfl.ch/ontology#profileUrlShape
2025-11-24 09:23:41,645 DEBUG [main] f.s.r.s.d.r.EnrichDocumentationWithQuerySparqlVisitor [EnrichDocumentationWithQuerySparqlVisitor.java:117] -%PARSER_ERROR[kvp]- Cannot find corresponding property partition for http://schema.org/Thing-identifier
2025-11-24 09:23:41,646 DEBUG [main] f.s.r.s.d.r.EnrichDocumentationWithQuerySparqlVisitor [EnrichDocumentationWithQuerySparqlVisitor.java:117] -%PARSER_ERROR[kvp]- Cannot find corresponding property partition for http://schema.org/Thing-description
2025-11-24 09:23:41,647 DEBUG [main] f.s.r.s.d.r.EnrichDocumentationWithQuerySparqlVisitor [EnrichDocumentationWithQuerySparqlVisitor.java:117] -%PARSER_ERROR[kvp]- Cannot find corresponding property partition for http://schema.org/CreativeWork-dateCreated
2025-11-24 09:23:41,647 DEBUG [main] f.s.r.s.d.r.EnrichDocumentationWithQuerySparqlVisitor [EnrichDocumentationWithQuerySparqlVisitor.java:117] -%PARSER_ERROR[kvp]- Cannot find corresponding property partition for http://schema.org/Thing-name
2025-11-24 09:23:41,648 DEBUG [main] f.s.r.s.d.r.EnrichDocumentationWithQuerySparqlVisitor [EnrichDocumentationWithQuerySparqlVisitor.java:117] -%PARSER_ERROR[kvp]- Cannot find corresponding property partition for http://schema.org/CreativeWork-datePublished
2025-11-24 09:23:41,649 DEBUG [main] f.s.r.s.d.r.EnrichDocumentationWithQuerySparqlVisitor [EnrichDocumentationWithQuerySparqlVisitor.java:117] -%PARSER_ERROR[kvp]- Cannot find corresponding property partition for http://schema.org/CreativeWork-author
2025-11-24 09:23:41,650 DEBUG [main] f.s.r.s.d.r.EnrichDocumentationWithQuerySparqlVisitor [EnrichDocumentationWithQuerySparqlVisitor.java:117] -%PARSER_ERROR[kvp]- Cannot find corresponding property partition for http://schema.org/Thing-url
2025-11-24 09:23:41,651 DEBUG [main] f.s.r.s.d.r.EnrichDocumentationWithQuerySparqlVisitor [EnrichDocumentationWithQuerySparqlVisitor.java:117] -%PARSER_ERROR[kvp]- Cannot find corresponding property partition for http://schema.org/Thing-description
2025-11-24 09:23:41,652 DEBUG [main] f.s.r.s.d.r.EnrichDocumentationWithQuerySparqlVisitor [EnrichDocumentationWithQuerySparqlVisitor.java:117] -%PARSER_ERROR[kvp]- Cannot find corresponding property partition for http://schema.org/Thing-name
2025-11-24 09:23:41,652 DEBUG [main] f.s.r.s.d.r.EnrichDocumentationWithQuerySparqlVisitor [EnrichDocumentationWithQuerySparqlVisitor.java:117] -%PARSER_ERROR[kvp]- Cannot find corresponding property partition for http://schema.org/Thing-url
2025-11-24 09:23:41,653 DEBUG [main] f.s.r.s.d.r.EnrichDocumentationWithQuerySparqlVisitor [EnrichDocumentationWithQuerySparqlVisitor.java:117] -%PARSER_ERROR[kvp]- Cannot find corresponding property partition for https://open-pulse.epfl.ch/ontology#repositoryTypeShape
2025-11-24 09:23:41,654 DEBUG [main] f.s.r.s.d.r.EnrichDocumentationWithQuerySparqlVisitor [EnrichDocumentationWithQuerySparqlVisitor.java:117] -%PARSER_ERROR[kvp]- Cannot find corresponding property partition for http://schema.org/CreativeWork-citation
2025-11-24 09:23:41,655 DEBUG [main] f.s.r.s.d.r.EnrichDocumentationWithQuerySparqlVisitor [EnrichDocumentationWithQuerySparqlVisitor.java:117] -%PARSER_ERROR[kvp]- Cannot find corresponding property partition for http://schema.org/CreativeWork-license
2025-11-24 09:23:41,656 DEBUG [main] f.s.r.s.d.r.EnrichDocumentationWithQuerySparqlVisitor [EnrichDocumentationWithQuerySparqlVisitor.java:117] -%PARSER_ERROR[kvp]- Cannot find corresponding property partition for https://open-pulse.epfl.ch/ontology#commitsShape
2025-11-24 09:23:41,657 DEBUG [main] f.s.r.s.d.r.EnrichDocumentationWithQuerySparqlVisitor [EnrichDocumentationWithQuerySparqlVisitor.java:117] -%PARSER_ERROR[kvp]- Cannot find corresponding property partition for https://open-pulse.epfl.ch/ontology#gitAuthorsShape
2025-11-24 09:23:41,657 DEBUG [main] f.s.r.s.d.r.EnrichDocumentationWithQuerySparqlVisitor [EnrichDocumentationWithQuerySparqlVisitor.java:117] -%PARSER_ERROR[kvp]- Cannot find corresponding property partition for https://open-pulse.epfl.ch/ontology#lastCommitDateShape
2025-11-24 09:23:41,658 DEBUG [main] f.s.r.s.d.r.EnrichDocumentationWithQuerySparqlVisitor [EnrichDocumentationWithQuerySparqlVisitor.java:117] -%PARSER_ERROR[kvp]- Cannot find corresponding property partition for https://open-pulse.epfl.ch/ontology#relatedModelsShape
2025-11-24 09:23:41,659 DEBUG [main] f.s.r.s.d.r.EnrichDocumentationWithQuerySparqlVisitor [EnrichDocumentationWithQuerySparqlVisitor.java:117] -%PARSER_ERROR[kvp]- Cannot find corresponding property partition for http://schema.org/Thing-url
2025-11-24 09:23:41,659 DEBUG [main] f.s.r.s.d.r.EnrichDocumentationWithQuerySparqlVisitor [EnrichDocumentationWithQuerySparqlVisitor.java:117] -%PARSER_ERROR[kvp]- Cannot find corresponding property partition for http://schema.org/Thing-identifier
2025-11-24 09:23:41,660 DEBUG [main] f.s.r.s.d.r.EnrichDocumentationWithQuerySparqlVisitor [EnrichDocumentationWithQuerySparqlVisitor.java:117] -%PARSER_ERROR[kvp]- Cannot find corresponding property partition for https://open-pulse.epfl.ch/ontology#disciplineShape
2025-11-24 09:23:41,661 DEBUG [main] f.s.r.s.d.r.EnrichDocumentationWithQuerySparqlVisitor [EnrichDocumentationWithQuerySparqlVisitor.java:117] -%PARSER_ERROR[kvp]- Cannot find corresponding property partition for https://open-pulse.epfl.ch/ontology#linkedEntitiesShape
2025-11-24 09:23:41,662 DEBUG [main] f.s.r.s.d.r.EnrichDocumentationWithQuerySparqlVisitor [EnrichDocumentationWithQuerySparqlVisitor.java:117] -%PARSER_ERROR[kvp]- Cannot find corresponding property partition for https://w3id.org/okn/o/sd#SoftwareApplication-readme
2025-11-24 09:23:41,663 DEBUG [main] f.s.r.s.d.r.EnrichDocumentationWithQuerySparqlVisitor [EnrichDocumentationWithQuerySparqlVisitor.java:117] -%PARSER_ERROR[kvp]- Cannot find corresponding property partition for http://schema.org/CreativeWork-datePublished
2025-11-24 09:23:41,663 DEBUG [main] f.s.r.s.d.r.EnrichDocumentationWithQuerySparqlVisitor [EnrichDocumentationWithQuerySparqlVisitor.java:117] -%PARSER_ERROR[kvp]- Cannot find corresponding property partition for https://open-pulse.epfl.ch/ontology#firstCommitDateShape
2025-11-24 09:23:41,664 DEBUG [main] f.s.r.s.d.r.EnrichDocumentationWithQuerySparqlVisitor [EnrichDocumentationWithQuerySparqlVisitor.java:117] -%PARSER_ERROR[kvp]- Cannot find corresponding property partition for https://open-pulse.epfl.ch/ontology#relatedAPIsShape
2025-11-24 09:23:41,665 DEBUG [main] f.s.r.s.d.r.EnrichDocumentationWithQuerySparqlVisitor [EnrichDocumentationWithQuerySparqlVisitor.java:117] -%PARSER_ERROR[kvp]- Cannot find corresponding property partition for http://schema.org/CreativeWork-dateCreated
2025-11-24 09:23:41,666 DEBUG [main] f.s.r.s.d.r.EnrichDocumentationWithQuerySparqlVisitor [EnrichDocumentationWithQuerySparqlVisitor.java:117] -%PARSER_ERROR[kvp]- Cannot find corresponding property partition for http://schema.org/SoftwareSourceCode-codeRepository
2025-11-24 09:23:41,666 DEBUG [main] f.s.r.s.d.r.EnrichDocumentationWithQuerySparqlVisitor [EnrichDocumentationWithQuerySparqlVisitor.java:117] -%PARSER_ERROR[kvp]- Cannot find corresponding property partition for https://open-pulse.epfl.ch/ontology#sourceShape
2025-11-24 09:23:41,667 DEBUG [main] f.s.r.s.d.r.EnrichDocumentationWithQuerySparqlVisitor [EnrichDocumentationWithQuerySparqlVisitor.java:117] -%PARSER_ERROR[kvp]- Cannot find corresponding property partition for https://open-pulse.epfl.ch/ontology#relatedToEPFLShape
2025-11-24 09:23:41,668 DEBUG [main] f.s.r.s.d.r.EnrichDocumentationWithQuerySparqlVisitor [EnrichDocumentationWithQuerySparqlVisitor.java:117] -%PARSER_ERROR[kvp]- Cannot find corresponding property partition for https://open-pulse.epfl.ch/ontology#relatedToOrganizationShape
2025-11-24 09:23:41,668 DEBUG [main] f.s.r.s.d.r.EnrichDocumentationWithQuerySparqlVisitor [EnrichDocumentationWithQuerySparqlVisitor.java:117] -%PARSER_ERROR[kvp]- Cannot find corresponding property partition for http://schema.org/CreativeWork-author
2025-11-24 09:23:41,669 DEBUG [main] f.s.r.s.d.r.EnrichDocumentationWithQuerySparqlVisitor [EnrichDocumentationWithQuerySparqlVisitor.java:117] -%PARSER_ERROR[kvp]- Cannot find corresponding property partition for http://schema.org/SoftwareSourceCode-programmingLanguage
2025-11-24 09:23:41,670 DEBUG [main] f.s.r.s.d.r.EnrichDocumentationWithQuerySparqlVisitor [EnrichDocumentationWithQuerySparqlVisitor.java:117] -%PARSER_ERROR[kvp]- Cannot find corresponding property partition for https://open-pulse.epfl.ch/ontology#relatedPublicationsShape
2025-11-24 09:23:41,671 DEBUG [main] f.s.r.s.d.r.EnrichDocumentationWithQuerySparqlVisitor [EnrichDocumentationWithQuerySparqlVisitor.java:117] -%PARSER_ERROR[kvp]- Cannot find corresponding property partition for http://schema.org/Thing-description
2025-11-24 09:23:41,671 DEBUG [main] f.s.r.s.d.r.EnrichDocumentationWithQuerySparqlVisitor [EnrichDocumentationWithQuerySparqlVisitor.java:117] -%PARSER_ERROR[kvp]- Cannot find corresponding property partition for https://open-pulse.epfl.ch/ontology#relatedDatasetsShape
2025-11-24 09:23:41,672 DEBUG [main] f.s.r.s.d.r.EnrichDocumentationWithQuerySparqlVisitor [EnrichDocumentationWithQuerySparqlVisitor.java:117] -%PARSER_ERROR[kvp]- Cannot find corresponding property partition for https://open-pulse.epfl.ch/ontology#metadataShape
2025-11-24 09:23:41,672 DEBUG [main] f.s.r.s.d.r.EnrichDocumentationWithQuerySparqlVisitor [EnrichDocumentationWithQuerySparqlVisitor.java:117] -%PARSER_ERROR[kvp]- Cannot find corresponding property partition for https://open-pulse.epfl.ch/ontology#totalCommitsShape
2025-11-24 09:23:41,673 DEBUG [main] f.s.r.s.d.r.EnrichDocumentationWithQuerySparqlVisitor [EnrichDocumentationWithQuerySparqlVisitor.java:117] -%PARSER_ERROR[kvp]- Cannot find corresponding property partition for http://schema.org/Thing-name
2025-11-24 09:23:41,674 DEBUG [main] f.s.r.s.d.r.EnrichDocumentationWithQuerySparqlVisitor [EnrichDocumentationWithQuerySparqlVisitor.java:117] -%PARSER_ERROR[kvp]- Cannot find corresponding property partition for https://open-pulse.epfl.ch/ontology#hasAcademicCatalogRelationShape
2025-11-24 09:23:41,674 DEBUG [main] f.s.r.s.d.r.EnrichDocumentationWithQuerySparqlVisitor [EnrichDocumentationWithQuerySparqlVisitor.java:117] -%PARSER_ERROR[kvp]- Cannot find corresponding property partition for https://open-pulse.epfl.ch/ontology#usernameShape
2025-11-24 09:23:41,675 DEBUG [main] f.s.r.s.d.r.EnrichDocumentationWithQuerySparqlVisitor [EnrichDocumentationWithQuerySparqlVisitor.java:117] -%PARSER_ERROR[kvp]- Cannot find corresponding property partition for https://open-pulse.epfl.ch/ontology#hasRepositoryShape
2025-11-24 09:23:41,675 DEBUG [main] f.s.r.s.d.r.EnrichDocumentationWithQuerySparqlVisitor [EnrichDocumentationWithQuerySparqlVisitor.java:117] -%PARSER_ERROR[kvp]- Cannot find corresponding property partition for http://schema.org/Thing-affiliation
2025-11-24 09:23:44,058 DEBUG [main] o.a.j.r.s.s.JenaIOEnvironment [JenaIOEnvironment.java:180] -%PARSER_ERROR[kvp]- Failed to find configuration: location-mapping.ttl;location-mapping.rdf;etc/location-mapping.rdf;etc/location-mapping.ttl
2025-11-24 09:23:44,329 DEBUG [main] f.s.r.s.a.InputModelReader [InputModelReader.java:66] -%PARSER_ERROR[kvp]- Reading input from : /tmp/enriched.ttl
2025-11-24 09:23:44,344 DEBUG [main] o.a.j.s.LockMRSW [LockMRSW.java:57] -%PARSER_ERROR[kvp]- Lock : main
2025-11-24 09:23:44,346 DEBUG [main] o.a.j.s.LockMRSW [LockMRSW.java:57] -%PARSER_ERROR[kvp]- Lock : main
2025-11-24 09:23:45,095 DEBUG [main] f.s.r.s.a.d.Draw [Draw.java:58] -%PARSER_ERROR[kvp]- Drawing to /home/rmfranken/open-pulse-ontology/docs/ontology.svg
2025-11-24 09:28:36,997 DEBUG [main] o.a.j.r.s.s.JenaIOEnvironment [JenaIOEnvironment.java:180] -%PARSER_ERROR[kvp]- Failed to find configuration: location-mapping.ttl;location-mapping.rdf;etc/location-mapping.rdf;etc/location-mapping.ttl
2025-11-24 09:28:37,407 DEBUG [main] f.s.r.s.a.InputModelReader [InputModelReader.java:66] -%PARSER_ERROR[kvp]- Reading input from : /tmp/enriched.ttl
2025-11-24 09:28:37,427 DEBUG [main] o.a.j.s.LockMRSW [LockMRSW.java:57] -%PARSER_ERROR[kvp]- Lock : main
2025-11-24 09:28:37,428 DEBUG [main] o.a.j.s.LockMRSW [LockMRSW.java:57] -%PARSER_ERROR[kvp]- Lock : main
2025-11-24 09:28:42,012 DEBUG [main] f.s.r.s.d.r.EnrichDocumentationWithStatisticsVisitor [EnrichDocumentationWithStatisticsVisitor.java:47] -%PARSER_ERROR[kvp]- Cannot find corresponding class partition for http://schema.org/Organization
2025-11-24 09:28:42,013 DEBUG [main] f.s.r.s.d.r.EnrichDocumentationWithStatisticsVisitor [EnrichDocumentationWithStatisticsVisitor.java:76] -%PARSER_ERROR[kvp]- Cannot find corresponding property partition for http://w3id.org/nfdi4ing/metadata4ing#hasRorIdShape
2025-11-24 09:28:42,014 DEBUG [main] f.s.r.s.d.r.EnrichDocumentationWithStatisticsVisitor [EnrichDocumentationWithStatisticsVisitor.java:76] -%PARSER_ERROR[kvp]- Cannot find corresponding property partition for http://schema.org/Organization-legalName
2025-11-24 09:28:42,014 DEBUG [main] f.s.r.s.d.r.EnrichDocumentationWithStatisticsVisitor [EnrichDocumentationWithStatisticsVisitor.java:47] -%PARSER_ERROR[kvp]- Cannot find corresponding class partition for http://schema.org/Person
2025-11-24 09:28:42,015 DEBUG [main] f.s.r.s.d.r.EnrichDocumentationWithStatisticsVisitor [EnrichDocumentationWithStatisticsVisitor.java:76] -%PARSER_ERROR[kvp]- Cannot find corresponding property partition for https://open-pulse.epfl.ch/ontology#usernameShape
2025-11-24 09:28:42,016 DEBUG [main] f.s.r.s.d.r.EnrichDocumentationWithStatisticsVisitor [EnrichDocumentationWithStatisticsVisitor.java:76] -%PARSER_ERROR[kvp]- Cannot find corresponding property partition for http://schema.org/Thing-affiliation
2025-11-24 09:28:42,017 DEBUG [main] f.s.r.s.d.r.EnrichDocumentationWithStatisticsVisitor [EnrichDocumentationWithStatisticsVisitor.java:76] -%PARSER_ERROR[kvp]- Cannot find corresponding property partition for http://schema.org/Thing-name
2025-11-24 09:28:42,017 DEBUG [main] f.s.r.s.d.r.EnrichDocumentationWithStatisticsVisitor [EnrichDocumentationWithStatisticsVisitor.java:76] -%PARSER_ERROR[kvp]- Cannot find corresponding property partition for http://w3id.org/nfdi4ing/metadata4ing#orcidIdShape
2025-11-24 09:28:42,018 DEBUG [main] f.s.r.s.d.r.EnrichDocumentationWithStatisticsVisitor [EnrichDocumentationWithStatisticsVisitor.java:47] -%PARSER_ERROR[kvp]- Cannot find corresponding class partition for https://open-pulse.epfl.ch/ontology#AcademicCatalogRelation
2025-11-24 09:28:42,018 DEBUG [main] f.s.r.s.d.r.EnrichDocumentationWithStatisticsVisitor [EnrichDocumentationWithStatisticsVisitor.java:76] -%PARSER_ERROR[kvp]- Cannot find corresponding property partition for https://open-pulse.epfl.ch/ontology#catalogTypeShape
2025-11-24 09:28:42,018 DEBUG [main] f.s.r.s.d.r.EnrichDocumentationWithStatisticsVisitor [EnrichDocumentationWithStatisticsVisitor.java:76] -%PARSER_ERROR[kvp]- Cannot find corresponding property partition for https://open-pulse.epfl.ch/ontology#entityTypeShape
2025-11-24 09:28:42,019 DEBUG [main] f.s.r.s.d.r.EnrichDocumentationWithStatisticsVisitor [EnrichDocumentationWithStatisticsVisitor.java:76] -%PARSER_ERROR[kvp]- Cannot find corresponding property partition for https://open-pulse.epfl.ch/ontology#externalIdShape
2025-11-24 09:28:42,020 DEBUG [main] f.s.r.s.d.r.EnrichDocumentationWithStatisticsVisitor [EnrichDocumentationWithStatisticsVisitor.java:76] -%PARSER_ERROR[kvp]- Cannot find corresponding property partition for https://open-pulse.epfl.ch/ontology#hasCatalogEntityShape
2025-11-24 09:28:42,021 DEBUG [main] f.s.r.s.d.r.EnrichDocumentationWithStatisticsVisitor [EnrichDocumentationWithStatisticsVisitor.java:76] -%PARSER_ERROR[kvp]- Cannot find corresponding property partition for https://open-pulse.epfl.ch/ontology#confidenceShape
2025-11-24 09:28:42,021 DEBUG [main] f.s.r.s.d.r.EnrichDocumentationWithStatisticsVisitor [EnrichDocumentationWithStatisticsVisitor.java:76] -%PARSER_ERROR[kvp]- Cannot find corresponding property partition for https://open-pulse.epfl.ch/ontology#justificationShape
2025-11-24 09:28:42,022 DEBUG [main] f.s.r.s.d.r.EnrichDocumentationWithStatisticsVisitor [EnrichDocumentationWithStatisticsVisitor.java:76] -%PARSER_ERROR[kvp]- Cannot find corresponding property partition for https://open-pulse.epfl.ch/ontology#matchedOnShape
2025-11-24 09:28:42,023 DEBUG [main] f.s.r.s.d.r.EnrichDocumentationWithStatisticsVisitor [EnrichDocumentationWithStatisticsVisitor.java:47] -%PARSER_ERROR[kvp]- Cannot find corresponding class partition for https://open-pulse.epfl.ch/ontology#CatalogEntity
2025-11-24 09:28:42,024 DEBUG [main] f.s.r.s.d.r.EnrichDocumentationWithStatisticsVisitor [EnrichDocumentationWithStatisticsVisitor.java:76] -%PARSER_ERROR[kvp]- Cannot find corresponding property partition for https://open-pulse.epfl.ch/ontology#uuidShape
2025-11-24 09:28:42,024 DEBUG [main] f.s.r.s.d.r.EnrichDocumentationWithStatisticsVisitor [EnrichDocumentationWithStatisticsVisitor.java:76] -%PARSER_ERROR[kvp]- Cannot find corresponding property partition for https://open-pulse.epfl.ch/ontology#emailShape
2025-11-24 09:28:42,024 DEBUG [main] f.s.r.s.d.r.EnrichDocumentationWithStatisticsVisitor [EnrichDocumentationWithStatisticsVisitor.java:76] -%PARSER_ERROR[kvp]- Cannot find corresponding property partition for http://schema.org/Thing-affiliation
2025-11-24 09:28:42,024 DEBUG [main] f.s.r.s.d.r.EnrichDocumentationWithStatisticsVisitor [EnrichDocumentationWithStatisticsVisitor.java:76] -%PARSER_ERROR[kvp]- Cannot find corresponding property partition for http://schema.org/Thing-name
2025-11-24 09:28:42,025 DEBUG [main] f.s.r.s.d.r.EnrichDocumentationWithStatisticsVisitor [EnrichDocumentationWithStatisticsVisitor.java:76] -%PARSER_ERROR[kvp]- Cannot find corresponding property partition for http://w3id.org/nfdi4ing/metadata4ing#orcidIdShape
2025-11-24 09:28:42,025 DEBUG [main] f.s.r.s.d.r.EnrichDocumentationWithStatisticsVisitor [EnrichDocumentationWithStatisticsVisitor.java:76] -%PARSER_ERROR[kvp]- Cannot find corresponding property partition for https://open-pulse.epfl.ch/ontology#profileUrlShape
2025-11-24 09:28:42,026 DEBUG [main] f.s.r.s.d.r.EnrichDocumentationWithStatisticsVisitor [EnrichDocumentationWithStatisticsVisitor.java:47] -%PARSER_ERROR[kvp]- Cannot find corresponding class partition for https://open-pulse.epfl.ch/ontology#DisciplineEnumeration
2025-11-24 09:28:42,027 DEBUG [main] f.s.r.s.d.r.EnrichDocumentationWithStatisticsVisitor [EnrichDocumentationWithStatisticsVisitor.java:47] -%PARSER_ERROR[kvp]- Cannot find corresponding class partition for http://schema.org/ScholarlyArticle
2025-11-24 09:28:42,027 DEBUG [main] f.s.r.s.d.r.EnrichDocumentationWithStatisticsVisitor [EnrichDocumentationWithStatisticsVisitor.java:76] -%PARSER_ERROR[kvp]- Cannot find corresponding property partition for http://schema.org/Thing-identifier
2025-11-24 09:28:42,027 DEBUG [main] f.s.r.s.d.r.EnrichDocumentationWithStatisticsVisitor [EnrichDocumentationWithStatisticsVisitor.java:76] -%PARSER_ERROR[kvp]- Cannot find corresponding property partition for http://schema.org/Thing-description
2025-11-24 09:28:42,028 DEBUG [main] f.s.r.s.d.r.EnrichDocumentationWithStatisticsVisitor [EnrichDocumentationWithStatisticsVisitor.java:76] -%PARSER_ERROR[kvp]- Cannot find corresponding property partition for http://schema.org/CreativeWork-dateCreated
2025-11-24 09:28:42,028 DEBUG [main] f.s.r.s.d.r.EnrichDocumentationWithStatisticsVisitor [EnrichDocumentationWithStatisticsVisitor.java:76] -%PARSER_ERROR[kvp]- Cannot find corresponding property partition for http://schema.org/Thing-name
2025-11-24 09:28:42,028 DEBUG [main] f.s.r.s.d.r.EnrichDocumentationWithStatisticsVisitor [EnrichDocumentationWithStatisticsVisitor.java:76] -%PARSER_ERROR[kvp]- Cannot find corresponding property partition for http://schema.org/CreativeWork-datePublished
2025-11-24 09:28:42,029 DEBUG [main] f.s.r.s.d.r.EnrichDocumentationWithStatisticsVisitor [EnrichDocumentationWithStatisticsVisitor.java:76] -%PARSER_ERROR[kvp]- Cannot find corresponding property partition for http://schema.org/CreativeWork-author
2025-11-24 09:28:42,029 DEBUG [main] f.s.r.s.d.r.EnrichDocumentationWithStatisticsVisitor [EnrichDocumentationWithStatisticsVisitor.java:76] -%PARSER_ERROR[kvp]- Cannot find corresponding property partition for http://schema.org/Thing-url
2025-11-24 09:28:42,029 DEBUG [main] f.s.r.s.d.r.EnrichDocumentationWithStatisticsVisitor [EnrichDocumentationWithStatisticsVisitor.java:47] -%PARSER_ERROR[kvp]- Cannot find corresponding class partition for http://schema.org/Dataset
2025-11-24 09:28:42,029 DEBUG [main] f.s.r.s.d.r.EnrichDocumentationWithStatisticsVisitor [EnrichDocumentationWithStatisticsVisitor.java:76] -%PARSER_ERROR[kvp]- Cannot find corresponding property partition for http://schema.org/Thing-description
2025-11-24 09:28:42,030 DEBUG [main] f.s.r.s.d.r.EnrichDocumentationWithStatisticsVisitor [EnrichDocumentationWithStatisticsVisitor.java:76] -%PARSER_ERROR[kvp]- Cannot find corresponding property partition for http://schema.org/Thing-name
2025-11-24 09:28:42,030 DEBUG [main] f.s.r.s.d.r.EnrichDocumentationWithStatisticsVisitor [EnrichDocumentationWithStatisticsVisitor.java:76] -%PARSER_ERROR[kvp]- Cannot find corresponding property partition for http://schema.org/Thing-url
2025-11-24 09:28:42,030 DEBUG [main] f.s.r.s.d.r.EnrichDocumentationWithStatisticsVisitor [EnrichDocumentationWithStatisticsVisitor.java:47] -%PARSER_ERROR[kvp]- Cannot find corresponding class partition for http://schema.org/SoftwareSourceCode
2025-11-24 09:28:42,031 DEBUG [main] f.s.r.s.d.r.EnrichDocumentationWithStatisticsVisitor [EnrichDocumentationWithStatisticsVisitor.java:76] -%PARSER_ERROR[kvp]- Cannot find corresponding property partition for https://open-pulse.epfl.ch/ontology#repositoryTypeShape
2025-11-24 09:28:42,031 DEBUG [main] f.s.r.s.d.r.EnrichDocumentationWithStatisticsVisitor [EnrichDocumentationWithStatisticsVisitor.java:76] -%PARSER_ERROR[kvp]- Cannot find corresponding property partition for http://schema.org/CreativeWork-citation
2025-11-24 09:28:42,031 DEBUG [main] f.s.r.s.d.r.EnrichDocumentationWithStatisticsVisitor [EnrichDocumentationWithStatisticsVisitor.java:76] -%PARSER_ERROR[kvp]- Cannot find corresponding property partition for http://schema.org/CreativeWork-license
2025-11-24 09:28:42,031 DEBUG [main] f.s.r.s.d.r.EnrichDocumentationWithStatisticsVisitor [EnrichDocumentationWithStatisticsVisitor.java:76] -%PARSER_ERROR[kvp]- Cannot find corresponding property partition for https://open-pulse.epfl.ch/ontology#commitsShape
2025-11-24 09:28:42,032 DEBUG [main] f.s.r.s.d.r.EnrichDocumentationWithStatisticsVisitor [EnrichDocumentationWithStatisticsVisitor.java:76] -%PARSER_ERROR[kvp]- Cannot find corresponding property partition for https://open-pulse.epfl.ch/ontology#gitAuthorsShape
2025-11-24 09:28:42,032 DEBUG [main] f.s.r.s.d.r.EnrichDocumentationWithStatisticsVisitor [EnrichDocumentationWithStatisticsVisitor.java:76] -%PARSER_ERROR[kvp]- Cannot find corresponding property partition for https://open-pulse.epfl.ch/ontology#lastCommitDateShape
2025-11-24 09:28:42,032 DEBUG [main] f.s.r.s.d.r.EnrichDocumentationWithStatisticsVisitor [EnrichDocumentationWithStatisticsVisitor.java:76] -%PARSER_ERROR[kvp]- Cannot find corresponding property partition for https://open-pulse.epfl.ch/ontology#relatedModelsShape
2025-11-24 09:28:42,032 DEBUG [main] f.s.r.s.d.r.EnrichDocumentationWithStatisticsVisitor [EnrichDocumentationWithStatisticsVisitor.java:76] -%PARSER_ERROR[kvp]- Cannot find corresponding property partition for http://schema.org/Thing-url
2025-11-24 09:28:42,033 DEBUG [main] f.s.r.s.d.r.EnrichDocumentationWithStatisticsVisitor [EnrichDocumentationWithStatisticsVisitor.java:76] -%PARSER_ERROR[kvp]- Cannot find corresponding property partition for http://schema.org/Thing-identifier
2025-11-24 09:28:42,033 DEBUG [main] f.s.r.s.d.r.EnrichDocumentationWithStatisticsVisitor [EnrichDocumentationWithStatisticsVisitor.java:76] -%PARSER_ERROR[kvp]- Cannot find corresponding property partition for https://open-pulse.epfl.ch/ontology#disciplineShape
2025-11-24 09:28:42,033 DEBUG [main] f.s.r.s.d.r.EnrichDocumentationWithStatisticsVisitor [EnrichDocumentationWithStatisticsVisitor.java:76] -%PARSER_ERROR[kvp]- Cannot find corresponding property partition for https://open-pulse.epfl.ch/ontology#linkedEntitiesShape
2025-11-24 09:28:42,034 DEBUG [main] f.s.r.s.d.r.EnrichDocumentationWithStatisticsVisitor [EnrichDocumentationWithStatisticsVisitor.java:76] -%PARSER_ERROR[kvp]- Cannot find corresponding property partition for https://w3id.org/okn/o/sd#SoftwareApplication-readme
2025-11-24 09:28:42,034 DEBUG [main] f.s.r.s.d.r.EnrichDocumentationWithStatisticsVisitor [EnrichDocumentationWithStatisticsVisitor.java:76] -%PARSER_ERROR[kvp]- Cannot find corresponding property partition for http://schema.org/CreativeWork-datePublished
2025-11-24 09:28:42,036 DEBUG [main] f.s.r.s.d.r.EnrichDocumentationWithStatisticsVisitor [EnrichDocumentationWithStatisticsVisitor.java:76] -%PARSER_ERROR[kvp]- Cannot find corresponding property partition for https://open-pulse.epfl.ch/ontology#firstCommitDateShape
2025-11-24 09:28:42,037 DEBUG [main] f.s.r.s.d.r.EnrichDocumentationWithStatisticsVisitor [EnrichDocumentationWithStatisticsVisitor.java:76] -%PARSER_ERROR[kvp]- Cannot find corresponding property partition for https://open-pulse.epfl.ch/ontology#relatedAPIsShape
2025-11-24 09:28:42,037 DEBUG [main] f.s.r.s.d.r.EnrichDocumentationWithStatisticsVisitor [EnrichDocumentationWithStatisticsVisitor.java:76] -%PARSER_ERROR[kvp]- Cannot find corresponding property partition for http://schema.org/CreativeWork-dateCreated
2025-11-24 09:28:42,038 DEBUG [main] f.s.r.s.d.r.EnrichDocumentationWithStatisticsVisitor [EnrichDocumentationWithStatisticsVisitor.java:76] -%PARSER_ERROR[kvp]- Cannot find corresponding property partition for http://schema.org/SoftwareSourceCode-codeRepository
2025-11-24 09:28:42,038 DEBUG [main] f.s.r.s.d.r.EnrichDocumentationWithStatisticsVisitor [EnrichDocumentationWithStatisticsVisitor.java:76] -%PARSER_ERROR[kvp]- Cannot find corresponding property partition for https://open-pulse.epfl.ch/ontology#sourceShape
2025-11-24 09:28:42,038 DEBUG [main] f.s.r.s.d.r.EnrichDocumentationWithStatisticsVisitor [EnrichDocumentationWithStatisticsVisitor.java:76] -%PARSER_ERROR[kvp]- Cannot find corresponding property partition for https://open-pulse.epfl.ch/ontology#relatedToEPFLShape
2025-11-24 09:28:42,039 DEBUG [main] f.s.r.s.d.r.EnrichDocumentationWithStatisticsVisitor [EnrichDocumentationWithStatisticsVisitor.java:76] -%PARSER_ERROR[kvp]- Cannot find corresponding property partition for https://open-pulse.epfl.ch/ontology#relatedToOrganizationShape
2025-11-24 09:28:42,040 DEBUG [main] f.s.r.s.d.r.EnrichDocumentationWithStatisticsVisitor [EnrichDocumentationWithStatisticsVisitor.java:76] -%PARSER_ERROR[kvp]- Cannot find corresponding property partition for http://schema.org/CreativeWork-author
2025-11-24 09:28:42,040 DEBUG [main] f.s.r.s.d.r.EnrichDocumentationWithStatisticsVisitor [EnrichDocumentationWithStatisticsVisitor.java:76] -%PARSER_ERROR[kvp]- Cannot find corresponding property partition for http://schema.org/SoftwareSourceCode-programmingLanguage
2025-11-24 09:28:42,040 DEBUG [main] f.s.r.s.d.r.EnrichDocumentationWithStatisticsVisitor [EnrichDocumentationWithStatisticsVisitor.java:76] -%PARSER_ERROR[kvp]- Cannot find corresponding property partition for https://open-pulse.epfl.ch/ontology#relatedPublicationsShape
2025-11-24 09:28:42,041 DEBUG [main] f.s.r.s.d.r.EnrichDocumentationWithStatisticsVisitor [EnrichDocumentationWithStatisticsVisitor.java:76] -%PARSER_ERROR[kvp]- Cannot find corresponding property partition for http://schema.org/Thing-description
2025-11-24 09:28:42,041 DEBUG [main] f.s.r.s.d.r.EnrichDocumentationWithStatisticsVisitor [EnrichDocumentationWithStatisticsVisitor.java:76] -%PARSER_ERROR[kvp]- Cannot find corresponding property partition for https://open-pulse.epfl.ch/ontology#relatedDatasetsShape
2025-11-24 09:28:42,042 DEBUG [main] f.s.r.s.d.r.EnrichDocumentationWithStatisticsVisitor [EnrichDocumentationWithStatisticsVisitor.java:76] -%PARSER_ERROR[kvp]- Cannot find corresponding property partition for https://open-pulse.epfl.ch/ontology#metadataShape
2025-11-24 09:28:42,042 DEBUG [main] f.s.r.s.d.r.EnrichDocumentationWithStatisticsVisitor [EnrichDocumentationWithStatisticsVisitor.java:76] -%PARSER_ERROR[kvp]- Cannot find corresponding property partition for https://open-pulse.epfl.ch/ontology#totalCommitsShape
2025-11-24 09:28:42,042 DEBUG [main] f.s.r.s.d.r.EnrichDocumentationWithStatisticsVisitor [EnrichDocumentationWithStatisticsVisitor.java:76] -%PARSER_ERROR[kvp]- Cannot find corresponding property partition for http://schema.org/Thing-name
2025-11-24 09:28:42,042 DEBUG [main] f.s.r.s.d.r.EnrichDocumentationWithStatisticsVisitor [EnrichDocumentationWithStatisticsVisitor.java:76] -%PARSER_ERROR[kvp]- Cannot find corresponding property partition for https://open-pulse.epfl.ch/ontology#hasAcademicCatalogRelationShape
2025-11-24 09:28:42,043 DEBUG [main] f.s.r.s.d.r.EnrichDocumentationWithStatisticsVisitor [EnrichDocumentationWithStatisticsVisitor.java:47] -%PARSER_ERROR[kvp]- Cannot find corresponding class partition for https://open-pulse.epfl.ch/ontology#RepositoryTypeEnumeration
2025-11-24 09:28:42,043 DEBUG [main] f.s.r.s.d.r.EnrichDocumentationWithStatisticsVisitor [EnrichDocumentationWithStatisticsVisitor.java:47] -%PARSER_ERROR[kvp]- Cannot find corresponding class partition for http://schema.org/GitHubOrganization
2025-11-24 09:28:42,043 DEBUG [main] f.s.r.s.d.r.EnrichDocumentationWithStatisticsVisitor [EnrichDocumentationWithStatisticsVisitor.java:76] -%PARSER_ERROR[kvp]- Cannot find corresponding property partition for https://open-pulse.epfl.ch/ontology#usernameShape
2025-11-24 09:28:42,043 DEBUG [main] f.s.r.s.d.r.EnrichDocumentationWithStatisticsVisitor [EnrichDocumentationWithStatisticsVisitor.java:76] -%PARSER_ERROR[kvp]- Cannot find corresponding property partition for https://open-pulse.epfl.ch/ontology#hasRepositoryShape
2025-11-24 09:28:42,044 DEBUG [main] f.s.r.s.d.r.EnrichDocumentationWithStatisticsVisitor [EnrichDocumentationWithStatisticsVisitor.java:76] -%PARSER_ERROR[kvp]- Cannot find corresponding property partition for http://schema.org/Thing-affiliation
2025-11-24 09:28:42,048 DEBUG [main] f.s.r.s.d.r.EnrichDocumentationWithChartsVisitor [EnrichDocumentationWithChartsVisitor.java:82] -%PARSER_ERROR[kvp]- Cannot find corresponding property partition for https://open-pulse.epfl.ch/ontology#catalogTypeShape
2025-11-24 09:28:42,048 DEBUG [main] f.s.r.s.d.r.EnrichDocumentationWithChartsVisitor [EnrichDocumentationWithChartsVisitor.java:82] -%PARSER_ERROR[kvp]- Cannot find corresponding property partition for https://open-pulse.epfl.ch/ontology#entityTypeShape
2025-11-24 09:28:42,081 DEBUG [main] f.s.r.s.d.r.EnrichDocumentationWithQuerySparqlVisitor [EnrichDocumentationWithQuerySparqlVisitor.java:117] -%PARSER_ERROR[kvp]- Cannot find corresponding property partition for http://w3id.org/nfdi4ing/metadata4ing#hasRorIdShape
2025-11-24 09:28:42,083 DEBUG [main] f.s.r.s.d.r.EnrichDocumentationWithQuerySparqlVisitor [EnrichDocumentationWithQuerySparqlVisitor.java:117] -%PARSER_ERROR[kvp]- Cannot find corresponding property partition for http://schema.org/Organization-legalName
2025-11-24 09:28:42,084 DEBUG [main] f.s.r.s.d.r.EnrichDocumentationWithQuerySparqlVisitor [EnrichDocumentationWithQuerySparqlVisitor.java:117] -%PARSER_ERROR[kvp]- Cannot find corresponding property partition for https://open-pulse.epfl.ch/ontology#usernameShape
2025-11-24 09:28:42,084 DEBUG [main] f.s.r.s.d.r.EnrichDocumentationWithQuerySparqlVisitor [EnrichDocumentationWithQuerySparqlVisitor.java:117] -%PARSER_ERROR[kvp]- Cannot find corresponding property partition for http://schema.org/Thing-affiliation
2025-11-24 09:28:42,086 DEBUG [main] f.s.r.s.d.r.EnrichDocumentationWithQuerySparqlVisitor [EnrichDocumentationWithQuerySparqlVisitor.java:117] -%PARSER_ERROR[kvp]- Cannot find corresponding property partition for http://schema.org/Thing-name
2025-11-24 09:28:42,087 DEBUG [main] f.s.r.s.d.r.EnrichDocumentationWithQuerySparqlVisitor [EnrichDocumentationWithQuerySparqlVisitor.java:117] -%PARSER_ERROR[kvp]- Cannot find corresponding property partition for http://w3id.org/nfdi4ing/metadata4ing#orcidIdShape
2025-11-24 09:28:42,088 DEBUG [main] f.s.r.s.d.r.EnrichDocumentationWithQuerySparqlVisitor [EnrichDocumentationWithQuerySparqlVisitor.java:117] -%PARSER_ERROR[kvp]- Cannot find corresponding property partition for https://open-pulse.epfl.ch/ontology#catalogTypeShape
2025-11-24 09:28:42,089 DEBUG [main] f.s.r.s.d.r.EnrichDocumentationWithQuerySparqlVisitor [EnrichDocumentationWithQuerySparqlVisitor.java:117] -%PARSER_ERROR[kvp]- Cannot find corresponding property partition for https://open-pulse.epfl.ch/ontology#entityTypeShape
2025-11-24 09:28:42,089 DEBUG [main] f.s.r.s.d.r.EnrichDocumentationWithQuerySparqlVisitor [EnrichDocumentationWithQuerySparqlVisitor.java:117] -%PARSER_ERROR[kvp]- Cannot find corresponding property partition for https://open-pulse.epfl.ch/ontology#externalIdShape
2025-11-24 09:28:42,090 DEBUG [main] f.s.r.s.d.r.EnrichDocumentationWithQuerySparqlVisitor [EnrichDocumentationWithQuerySparqlVisitor.java:117] -%PARSER_ERROR[kvp]- Cannot find corresponding property partition for https://open-pulse.epfl.ch/ontology#hasCatalogEntityShape
2025-11-24 09:28:42,091 DEBUG [main] f.s.r.s.d.r.EnrichDocumentationWithQuerySparqlVisitor [EnrichDocumentationWithQuerySparqlVisitor.java:117] -%PARSER_ERROR[kvp]- Cannot find corresponding property partition for https://open-pulse.epfl.ch/ontology#confidenceShape
2025-11-24 09:28:42,091 DEBUG [main] f.s.r.s.d.r.EnrichDocumentationWithQuerySparqlVisitor [EnrichDocumentationWithQuerySparqlVisitor.java:117] -%PARSER_ERROR[kvp]- Cannot find corresponding property partition for https://open-pulse.epfl.ch/ontology#justificationShape
2025-11-24 09:28:42,092 DEBUG [main] f.s.r.s.d.r.EnrichDocumentationWithQuerySparqlVisitor [EnrichDocumentationWithQuerySparqlVisitor.java:117] -%PARSER_ERROR[kvp]- Cannot find corresponding property partition for https://open-pulse.epfl.ch/ontology#matchedOnShape
2025-11-24 09:28:42,093 DEBUG [main] f.s.r.s.d.r.EnrichDocumentationWithQuerySparqlVisitor [EnrichDocumentationWithQuerySparqlVisitor.java:117] -%PARSER_ERROR[kvp]- Cannot find corresponding property partition for https://open-pulse.epfl.ch/ontology#uuidShape
2025-11-24 09:28:42,093 DEBUG [main] f.s.r.s.d.r.EnrichDocumentationWithQuerySparqlVisitor [EnrichDocumentationWithQuerySparqlVisitor.java:117] -%PARSER_ERROR[kvp]- Cannot find corresponding property partition for https://open-pulse.epfl.ch/ontology#emailShape
2025-11-24 09:28:42,094 DEBUG [main] f.s.r.s.d.r.EnrichDocumentationWithQuerySparqlVisitor [EnrichDocumentationWithQuerySparqlVisitor.java:117] -%PARSER_ERROR[kvp]- Cannot find corresponding property partition for http://schema.org/Thing-affiliation
2025-11-24 09:28:42,094 DEBUG [main] f.s.r.s.d.r.EnrichDocumentationWithQuerySparqlVisitor [EnrichDocumentationWithQuerySparqlVisitor.java:117] -%PARSER_ERROR[kvp]- Cannot find corresponding property partition for http://schema.org/Thing-name
2025-11-24 09:28:42,095 DEBUG [main] f.s.r.s.d.r.EnrichDocumentationWithQuerySparqlVisitor [EnrichDocumentationWithQuerySparqlVisitor.java:117] -%PARSER_ERROR[kvp]- Cannot find corresponding property partition for http://w3id.org/nfdi4ing/metadata4ing#orcidIdShape
2025-11-24 09:28:42,096 DEBUG [main] f.s.r.s.d.r.EnrichDocumentationWithQuerySparqlVisitor [EnrichDocumentationWithQuerySparqlVisitor.java:117] -%PARSER_ERROR[kvp]- Cannot find corresponding property partition for https://open-pulse.epfl.ch/ontology#profileUrlShape
2025-11-24 09:28:42,097 DEBUG [main] f.s.r.s.d.r.EnrichDocumentationWithQuerySparqlVisitor [EnrichDocumentationWithQuerySparqlVisitor.java:117] -%PARSER_ERROR[kvp]- Cannot find corresponding property partition for http://schema.org/Thing-identifier
2025-11-24 09:28:42,097 DEBUG [main] f.s.r.s.d.r.EnrichDocumentationWithQuerySparqlVisitor [EnrichDocumentationWithQuerySparqlVisitor.java:117] -%PARSER_ERROR[kvp]- Cannot find corresponding property partition for http://schema.org/Thing-description
2025-11-24 09:28:42,099 DEBUG [main] f.s.r.s.d.r.EnrichDocumentationWithQuerySparqlVisitor [EnrichDocumentationWithQuerySparqlVisitor.java:117] -%PARSER_ERROR[kvp]- Cannot find corresponding property partition for http://schema.org/CreativeWork-dateCreated
2025-11-24 09:28:42,100 DEBUG [main] f.s.r.s.d.r.EnrichDocumentationWithQuerySparqlVisitor [EnrichDocumentationWithQuerySparqlVisitor.java:117] -%PARSER_ERROR[kvp]- Cannot find corresponding property partition for http://schema.org/Thing-name
2025-11-24 09:28:42,100 DEBUG [main] f.s.r.s.d.r.EnrichDocumentationWithQuerySparqlVisitor [EnrichDocumentationWithQuerySparqlVisitor.java:117] -%PARSER_ERROR[kvp]- Cannot find corresponding property partition for http://schema.org/CreativeWork-datePublished
2025-11-24 09:28:42,101 DEBUG [main] f.s.r.s.d.r.EnrichDocumentationWithQuerySparqlVisitor [EnrichDocumentationWithQuerySparqlVisitor.java:117] -%PARSER_ERROR[kvp]- Cannot find corresponding property partition for http://schema.org/CreativeWork-author
2025-11-24 09:28:42,101 DEBUG [main] f.s.r.s.d.r.EnrichDocumentationWithQuerySparqlVisitor [EnrichDocumentationWithQuerySparqlVisitor.java:117] -%PARSER_ERROR[kvp]- Cannot find corresponding property partition for http://schema.org/Thing-url
2025-11-24 09:28:42,102 DEBUG [main] f.s.r.s.d.r.EnrichDocumentationWithQuerySparqlVisitor [EnrichDocumentationWithQuerySparqlVisitor.java:117] -%PARSER_ERROR[kvp]- Cannot find corresponding property partition for http://schema.org/Thing-description
2025-11-24 09:28:42,103 DEBUG [main] f.s.r.s.d.r.EnrichDocumentationWithQuerySparqlVisitor [EnrichDocumentationWithQuerySparqlVisitor.java:117] -%PARSER_ERROR[kvp]- Cannot find corresponding property partition for http://schema.org/Thing-name
2025-11-24 09:28:42,103 DEBUG [main] f.s.r.s.d.r.EnrichDocumentationWithQuerySparqlVisitor [EnrichDocumentationWithQuerySparqlVisitor.java:117] -%PARSER_ERROR[kvp]- Cannot find corresponding property partition for http://schema.org/Thing-url
2025-11-24 09:28:42,104 DEBUG [main] f.s.r.s.d.r.EnrichDocumentationWithQuerySparqlVisitor [EnrichDocumentationWithQuerySparqlVisitor.java:117] -%PARSER_ERROR[kvp]- Cannot find corresponding property partition for https://open-pulse.epfl.ch/ontology#repositoryTypeShape
2025-11-24 09:28:42,105 DEBUG [main] f.s.r.s.d.r.EnrichDocumentationWithQuerySparqlVisitor [EnrichDocumentationWithQuerySparqlVisitor.java:117] -%PARSER_ERROR[kvp]- Cannot find corresponding property partition for http://schema.org/CreativeWork-citation
2025-11-24 09:28:42,105 DEBUG [main] f.s.r.s.d.r.EnrichDocumentationWithQuerySparqlVisitor [EnrichDocumentationWithQuerySparqlVisitor.java:117] -%PARSER_ERROR[kvp]- Cannot find corresponding property partition for http://schema.org/CreativeWork-license
2025-11-24 09:28:42,106 DEBUG [main] f.s.r.s.d.r.EnrichDocumentationWithQuerySparqlVisitor [EnrichDocumentationWithQuerySparqlVisitor.java:117] -%PARSER_ERROR[kvp]- Cannot find corresponding property partition for https://open-pulse.epfl.ch/ontology#commitsShape
2025-11-24 09:28:42,106 DEBUG [main] f.s.r.s.d.r.EnrichDocumentationWithQuerySparqlVisitor [EnrichDocumentationWithQuerySparqlVisitor.java:117] -%PARSER_ERROR[kvp]- Cannot find corresponding property partition for https://open-pulse.epfl.ch/ontology#gitAuthorsShape
2025-11-24 09:28:42,107 DEBUG [main] f.s.r.s.d.r.EnrichDocumentationWithQuerySparqlVisitor [EnrichDocumentationWithQuerySparqlVisitor.java:117] -%PARSER_ERROR[kvp]- Cannot find corresponding property partition for https://open-pulse.epfl.ch/ontology#lastCommitDateShape
2025-11-24 09:28:42,108 DEBUG [main] f.s.r.s.d.r.EnrichDocumentationWithQuerySparqlVisitor [EnrichDocumentationWithQuerySparqlVisitor.java:117] -%PARSER_ERROR[kvp]- Cannot find corresponding property partition for https://open-pulse.epfl.ch/ontology#relatedModelsShape
2025-11-24 09:28:42,108 DEBUG [main] f.s.r.s.d.r.EnrichDocumentationWithQuerySparqlVisitor [EnrichDocumentationWithQuerySparqlVisitor.java:117] -%PARSER_ERROR[kvp]- Cannot find corresponding property partition for http://schema.org/Thing-url
2025-11-24 09:28:42,109 DEBUG [main] f.s.r.s.d.r.EnrichDocumentationWithQuerySparqlVisitor [EnrichDocumentationWithQuerySparqlVisitor.java:117] -%PARSER_ERROR[kvp]- Cannot find corresponding property partition for http://schema.org/Thing-identifier
2025-11-24 09:28:42,109 DEBUG [main] f.s.r.s.d.r.EnrichDocumentationWithQuerySparqlVisitor [EnrichDocumentationWithQuerySparqlVisitor.java:117] -%PARSER_ERROR[kvp]- Cannot find corresponding property partition for https://open-pulse.epfl.ch/ontology#disciplineShape
2025-11-24 09:28:42,110 DEBUG [main] f.s.r.s.d.r.EnrichDocumentationWithQuerySparqlVisitor [EnrichDocumentationWithQuerySparqlVisitor.java:117] -%PARSER_ERROR[kvp]- Cannot find corresponding property partition for https://open-pulse.epfl.ch/ontology#linkedEntitiesShape
2025-11-24 09:28:42,112 DEBUG [main] f.s.r.s.d.r.EnrichDocumentationWithQuerySparqlVisitor [EnrichDocumentationWithQuerySparqlVisitor.java:117] -%PARSER_ERROR[kvp]- Cannot find corresponding property partition for https://w3id.org/okn/o/sd#SoftwareApplication-readme
2025-11-24 09:28:42,112 DEBUG [main] f.s.r.s.d.r.EnrichDocumentationWithQuerySparqlVisitor [EnrichDocumentationWithQuerySparqlVisitor.java:117] -%PARSER_ERROR[kvp]- Cannot find corresponding property partition for http://schema.org/CreativeWork-datePublished
2025-11-24 09:28:42,113 DEBUG [main] f.s.r.s.d.r.EnrichDocumentationWithQuerySparqlVisitor [EnrichDocumentationWithQuerySparqlVisitor.java:117] -%PARSER_ERROR[kvp]- Cannot find corresponding property partition for https://open-pulse.epfl.ch/ontology#firstCommitDateShape
2025-11-24 09:28:42,114 DEBUG [main] f.s.r.s.d.r.EnrichDocumentationWithQuerySparqlVisitor [EnrichDocumentationWithQuerySparqlVisitor.java:117] -%PARSER_ERROR[kvp]- Cannot find corresponding property partition for https://open-pulse.epfl.ch/ontology#relatedAPIsShape
2025-11-24 09:28:42,116 DEBUG [main] f.s.r.s.d.r.EnrichDocumentationWithQuerySparqlVisitor [EnrichDocumentationWithQuerySparqlVisitor.java:117] -%PARSER_ERROR[kvp]- Cannot find corresponding property partition for http://schema.org/CreativeWork-dateCreated
2025-11-24 09:28:42,117 DEBUG [main] f.s.r.s.d.r.EnrichDocumentationWithQuerySparqlVisitor [EnrichDocumentationWithQuerySparqlVisitor.java:117] -%PARSER_ERROR[kvp]- Cannot find corresponding property partition for http://schema.org/SoftwareSourceCode-codeRepository
2025-11-24 09:28:42,118 DEBUG [main] f.s.r.s.d.r.EnrichDocumentationWithQuerySparqlVisitor [EnrichDocumentationWithQuerySparqlVisitor.java:117] -%PARSER_ERROR[kvp]- Cannot find corresponding property partition for https://open-pulse.epfl.ch/ontology#sourceShape
2025-11-24 09:28:42,119 DEBUG [main] f.s.r.s.d.r.EnrichDocumentationWithQuerySparqlVisitor [EnrichDocumentationWithQuerySparqlVisitor.java:117] -%PARSER_ERROR[kvp]- Cannot find corresponding property partition for https://open-pulse.epfl.ch/ontology#relatedToEPFLShape
2025-11-24 09:28:42,120 DEBUG [main] f.s.r.s.d.r.EnrichDocumentationWithQuerySparqlVisitor [EnrichDocumentationWithQuerySparqlVisitor.java:117] -%PARSER_ERROR[kvp]- Cannot find corresponding property partition for https://open-pulse.epfl.ch/ontology#relatedToOrganizationShape
2025-11-24 09:28:42,121 DEBUG [main] f.s.r.s.d.r.EnrichDocumentationWithQuerySparqlVisitor [EnrichDocumentationWithQuerySparqlVisitor.java:117] -%PARSER_ERROR[kvp]- Cannot find corresponding property partition for http://schema.org/CreativeWork-author
2025-11-24 09:28:42,122 DEBUG [main] f.s.r.s.d.r.EnrichDocumentationWithQuerySparqlVisitor [EnrichDocumentationWithQuerySparqlVisitor.java:117] -%PARSER_ERROR[kvp]- Cannot find corresponding property partition for http://schema.org/SoftwareSourceCode-programmingLanguage
2025-11-24 09:28:42,123 DEBUG [main] f.s.r.s.d.r.EnrichDocumentationWithQuerySparqlVisitor [EnrichDocumentationWithQuerySparqlVisitor.java:117] -%PARSER_ERROR[kvp]- Cannot find corresponding property partition for https://open-pulse.epfl.ch/ontology#relatedPublicationsShape
2025-11-24 09:28:42,124 DEBUG [main] f.s.r.s.d.r.EnrichDocumentationWithQuerySparqlVisitor [EnrichDocumentationWithQuerySparqlVisitor.java:117] -%PARSER_ERROR[kvp]- Cannot find corresponding property partition for http://schema.org/Thing-description
2025-11-24 09:28:42,124 DEBUG [main] f.s.r.s.d.r.EnrichDocumentationWithQuerySparqlVisitor [EnrichDocumentationWithQuerySparqlVisitor.java:117] -%PARSER_ERROR[kvp]- Cannot find corresponding property partition for https://open-pulse.epfl.ch/ontology#relatedDatasetsShape
2025-11-24 09:28:42,125 DEBUG [main] f.s.r.s.d.r.EnrichDocumentationWithQuerySparqlVisitor [EnrichDocumentationWithQuerySparqlVisitor.java:117] -%PARSER_ERROR[kvp]- Cannot find corresponding property partition for https://open-pulse.epfl.ch/ontology#metadataShape
2025-11-24 09:28:42,125 DEBUG [main] f.s.r.s.d.r.EnrichDocumentationWithQuerySparqlVisitor [EnrichDocumentationWithQuerySparqlVisitor.java:117] -%PARSER_ERROR[kvp]- Cannot find corresponding property partition for https://open-pulse.epfl.ch/ontology#totalCommitsShape
2025-11-24 09:28:42,126 DEBUG [main] f.s.r.s.d.r.EnrichDocumentationWithQuerySparqlVisitor [EnrichDocumentationWithQuerySparqlVisitor.java:117] -%PARSER_ERROR[kvp]- Cannot find corresponding property partition for http://schema.org/Thing-name
2025-11-24 09:28:42,127 DEBUG [main] f.s.r.s.d.r.EnrichDocumentationWithQuerySparqlVisitor [EnrichDocumentationWithQuerySparqlVisitor.java:117] -%PARSER_ERROR[kvp]- Cannot find corresponding property partition for https://open-pulse.epfl.ch/ontology#hasAcademicCatalogRelationShape
2025-11-24 09:28:42,127 DEBUG [main] f.s.r.s.d.r.EnrichDocumentationWithQuerySparqlVisitor [EnrichDocumentationWithQuerySparqlVisitor.java:117] -%PARSER_ERROR[kvp]- Cannot find corresponding property partition for https://open-pulse.epfl.ch/ontology#usernameShape
2025-11-24 09:28:42,128 DEBUG [main] f.s.r.s.d.r.EnrichDocumentationWithQuerySparqlVisitor [EnrichDocumentationWithQuerySparqlVisitor.java:117] -%PARSER_ERROR[kvp]- Cannot find corresponding property partition for https://open-pulse.epfl.ch/ontology#hasRepositoryShape
2025-11-24 09:28:42,128 DEBUG [main] f.s.r.s.d.r.EnrichDocumentationWithQuerySparqlVisitor [EnrichDocumentationWithQuerySparqlVisitor.java:117] -%PARSER_ERROR[kvp]- Cannot find corresponding property partition for http://schema.org/Thing-affiliation
2025-11-24 09:28:44,998 DEBUG [main] o.a.j.r.s.s.JenaIOEnvironment [JenaIOEnvironment.java:180] -%PARSER_ERROR[kvp]- Failed to find configuration: location-mapping.ttl;location-mapping.rdf;etc/location-mapping.rdf;etc/location-mapping.ttl
2025-11-24 09:28:45,310 DEBUG [main] f.s.r.s.a.InputModelReader [InputModelReader.java:66] -%PARSER_ERROR[kvp]- Reading input from : /tmp/enriched.ttl
2025-11-24 09:28:45,327 DEBUG [main] o.a.j.s.LockMRSW [LockMRSW.java:57] -%PARSER_ERROR[kvp]- Lock : main
2025-11-24 09:28:45,329 DEBUG [main] o.a.j.s.LockMRSW [LockMRSW.java:57] -%PARSER_ERROR[kvp]- Lock : main
2025-11-24 09:28:46,090 DEBUG [main] f.s.r.s.a.d.Draw [Draw.java:58] -%PARSER_ERROR[kvp]- Drawing to /home/rmfranken/open-pulse-ontology/docs/ontology.svg
